Prentice Straine,215,D,pstraine0@msn.com
Page Yurivtsev,307,M,pyurivtsev1@skype.com
Betty Sainte Paul,865,S,bsainte2@tuttocitta.it
Georgianne Carles,441,U,gcarles3@businessweek.com
Ediva Dickerline,455,T,edickerline4@addthis.com
Yehudi Sanpere,989,V,ysanpere5@networksolutions.com
Nikolaos Archbald,516,L,narchbald6@nsw.gov.au
Myer Glendzer,916,B,mglendzer7@sciencedaily.com
Garreth Bramont,116,I,gbramont8@networksolutions.com
Mikey McClymond,283,C,mmcclymond9@clickbank.net
Rebecca Williamson,226,Q,rwilliamsona@npr.org
Dolly Pettko,774,A,dpettkob@sakura.ne.jp
Irwin Dockrey,611,D,idockreyc@wisc.edu
Mellicent Ratnage,635,V,mratnaged@sohu.com
Sansone Josephsen,913,Y,sjosephsene@slate.com
Darcee Naylor,908,Q,dnaylorf@yolasite.com
Bartlet Godson,254,Z,bgodsong@alexa.com
Chaim Aisthorpe,941,B,caisthorpeh@marriott.com
Dulcinea Franceschino,657,F,dfranceschinoi@amazonaws.com
Katina Cattell,917,G,kcattellj@imageshack.us
Joscelin Verdey,775,G,jverdeyk@artisteer.com
Rosene Valentine,760,N,rvalentinel@discuz.net
Maury Byres,254,Q,mbyresm@youtu.be
Booth Boulden,88,E,bbouldenn@twitter.com
Pepita Spurr,275,S,pspurro@wsj.com
Minda Caddies,622,O,mcaddiesp@scientificamerican.com
Hilliard Loud,966,K,hloudq@shareasale.com
Willem Kirke,166,U,wkirker@indiatimes.com
Fairleigh Nortcliffe,452,Y,fnortcliffes@china.com.cn
Llywellyn Grocock,752,A,lgrocockt@goo.ne.jp
Demott Slay,878,X,dslayu@dot.gov
Renae Kerswell,255,O,rkerswellv@google.co.jp
Damita Leys,585,N,dleysw@admin.ch
Tanitansy Ruppelin,194,C,truppelinx@harvard.edu
Fallon Enoksson,479,B,fenokssony@arizona.edu
Mufi Adshede,516,C,madshedez@dmoz.org
Rockey McWhirter,994,K,rmcwhirter10@abc.net.au
Cherish Tidy,684,T,ctidy11@reddit.com
Cello Bridden,546,V,cbridden12@domainmarket.com
Thorny Alexandersson,753,B,talexandersson13@altervista.org
Loretta McCrea,115,S,lmccrea14@google.de
Brigit Stratford,844,V,bstratford15@umich.edu
Malory Pail,91,E,mpail16@hhs.gov
Franklin Dunnett,242,Q,fdunnett17@wiley.com
Jess Stocker,874,V,jstocker18@discuz.net
Arnaldo Rugieri,665,F,arugieri19@a8.net
Demetria Corgenvin,831,R,dcorgenvin1a@hud.gov
Darice Klugel,12,Q,dklugel1b@histats.com
Kennan Cossell,933,V,kcossell1c@godaddy.com
Lulu Clements,169,K,lclements1d@acquirethisname.com
Fernande Farry,721,W,ffarry1e@parallels.com
Osmund De Ortega,179,Z,ode1f@de.vu
Maren Willacot,505,E,mwillacot1g@upenn.edu
Aimil Le Cornu,723,U,ale1h@whitehouse.gov
Lilly Brede,481,B,lbrede1i@amazonaws.com
Eartha Kenwright,842,X,ekenwright1j@upenn.edu
Callean Balas,632,X,cbalas1k@studiopress.com
Corbet Khomishin,396,U,ckhomishin1l@scribd.com
Konrad Lakenton,402,N,klakenton1m@ycombinator.com
Vittorio Serotsky,743,O,vserotsky1n@intel.com
Kath Hollow,9,V,khollow1o@businesswire.com
Marve Kleinstern,177,O,mkleinstern1p@usatoday.com
Doti Leveridge,817,M,dleveridge1q@sbwire.com
Othello Thewless,694,K,othewless1r@oakley.com
Tuck Ovanesian,270,D,tovanesian1s@list-manage.com
Joachim Domb,597,P,jdomb1t@bandcamp.com
Marilyn McIlvaney,528,Y,mmcilvaney1u@epa.gov
Emily Slay,763,S,eslay1v@buzzfeed.com
Mickie Cornejo,322,R,mcornejo1w@ucla.edu
Ava Borzone,192,J,aborzone1x@elegantthemes.com
Emmaline Yanin,692,Z,eyanin1y@homestead.com
Karisa Broxholme,169,E,kbroxholme1z@china.com.cn
Leonard Campkin,183,F,lcampkin20@arstechnica.com
Mady Callard,673,Z,mcallard21@godaddy.com
Guillaume Petyanin,852,D,gpetyanin22@sciencedaily.com
Lisetta Jirieck,930,O,ljirieck23@msn.com
Jada Elcocks,760,X,jelcocks24@archive.org
Jaime Humpherston,242,F,jhumpherston25@flavors.me
Clyve Basten,358,N,cbasten26@disqus.com
Uriah Bywaters,173,F,ubywaters27@businessinsider.com
Bentley Scottini,713,Z,bscottini28@homestead.com
Kathrine Scone,283,D,kscone29@theguardian.com
Stormy Itscovitz,182,P,sitscovitz2a@eepurl.com
Merle Weinmann,348,M,mweinmann2b@latimes.com
Alayne Pullman,865,U,apullman2c@hhs.gov
Elonore Buggs,268,I,ebuggs2d@wikipedia.org
Penelope Fulbrook,831,R,pfulbrook2e@xinhuanet.com
Kerianne Lowing,321,G,klowing2f@printfriendly.com
Culver Lindfors,727,Z,clindfors2g@reuters.com
Northrup Smails,264,B,nsmails2h@privacy.gov.au
Adams Cokely,558,W,acokely2i@hugedomains.com
Mallory Geggus,390,Q,mgeggus2j@wikispaces.com
Eduard Lordon,859,N,elordon2k@soundcloud.com
Margot Woodson,248,O,mwoodson2l@harvard.edu
Rubia McKitterick,954,N,rmckitterick2m@unc.edu
Bobina Allden,176,T,ballden2n@unc.edu
Remy Trivett,566,D,rtrivett2o@techcrunch.com
Catina Treffry,761,W,ctreffry2p@amazon.co.jp
Ilene Phinnessy,238,Y,iphinnessy2q@nih.gov
Adam Wisham,877,E,awisham2r@flavors.me
Edita Belsey,570,B,ebelsey2s@feedburner.com
Arvy Bowller,707,E,abowller2t@oakley.com
Margalit Wooddisse,653,O,mwooddisse2u@noaa.gov
Clevie Robottom,224,R,crobottom2v@jalbum.net
Ranice Brunning,890,Z,rbrunning2w@purevolume.com
Bernie Cossons,424,E,bcossons2x@cafepress.com
Lucias Stiger,206,H,lstiger2y@stanford.edu
Yevette Heis,354,K,yheis2z@patch.com
Morgen Parfett,747,Q,mparfett30@hugedomains.com
Englebert Mobley,11,B,emobley31@chicagotribune.com
Hans Antonignetti,652,W,hantonignetti32@dailymotion.com
Lauren Glasgow,144,C,lglasgow33@nba.com
Talbot Sneden,616,X,tsneden34@rambler.ru
Walther Forsdike,970,K,wforsdike35@hugedomains.com
Andy Lankham,357,C,alankham36@w3.org
Ruprecht Algeo,83,P,ralgeo37@spotify.com
Keelby Easson,369,Y,keasson38@chronoengine.com
Michail Aberdein,778,Q,maberdein39@last.fm
Baxie Heugel,423,C,bheugel3a@dell.com
Grady Hiner,436,U,ghiner3b@craigslist.org
Rutger Stockey,481,W,rstockey3c@google.it
Holt Mcwhinnie,460,A,hmcwhinnie3d@china.com.cn
Jasun Ruddell,19,T,jruddell3e@wikispaces.com
Judi Dundendale,399,H,jdundendale3f@ezinearticles.com
Bonita Satchel,978,F,bsatchel3g@lulu.com
Nance Tow,6,S,ntow3h@dyndns.org
Mirelle Cottie,849,Z,mcottie3i@si.edu
Camala Cathenod,793,I,ccathenod3j@purevolume.com
Dody Beamand,514,A,dbeamand3k@g.co
Shelbi Caisley,404,T,scaisley3l@omniture.com
Jolyn Defont,438,Z,jdefont3m@dot.gov
Netta Parnell,812,P,nparnell3n@drupal.org
Sky Dust,502,H,sdust3o@businesswire.com
Shelba Jerrolt,651,F,sjerrolt3p@sun.com
Jane Hulls,181,M,jhulls3q@businessweek.com
Fletcher Maciaszczyk,168,H,fmaciaszczyk3r@last.fm
Melicent Fold,12,O,mfold3s@aboutads.info
Lianne MacCartan,12,T,lmaccartan3t@flickr.com
Sandi Marzello,577,L,smarzello3u@google.cn
Adiana Callum,705,S,acallum3v@go.com
Lorna Hounsom,220,U,lhounsom3w@wikia.com
Ralf Heinle,395,Y,rheinle3x@bloomberg.com
Decca Seabert,482,W,dseabert3y@miitbeian.gov.cn
Barbaraanne Wilding,635,U,bwilding3z@state.gov
Darlleen Hanley,479,L,dhanley40@soup.io
Maddie Oxenham,271,V,moxenham41@usgs.gov
Alessandro Whittlesey,83,H,awhittlesey42@google.cn
Christan MacDuff,893,L,cmacduff43@ezinearticles.com
Berte Petz,449,T,bpetz44@pen.io
Alysia Minelli,49,J,aminelli45@sfgate.com
Libbi Novotna,748,T,lnovotna46@salon.com
Jabez Dashwood,634,A,jdashwood47@lulu.com
Stormi Woodyeare,286,D,swoodyeare48@ning.com
Cathyleen Abriani,37,E,cabriani49@seesaa.net
Kinna Huxton,810,R,khuxton4a@china.com.cn
Annora Le Port,652,A,ale4b@ow.ly
Catharine Scroggie,250,E,cscroggie4c@livejournal.com
Flynn Landsman,806,F,flandsman4d@mediafire.com
Bobinette Trammel,933,M,btrammel4e@instagram.com
Yurik Gilstoun,584,G,ygilstoun4f@php.net
Inglis Fleay,718,T,ifleay4g@dmoz.org
Elianora Spavins,133,I,espavins4h@de.vu
Cassaundra O'Flaherty,371,D,coflaherty4i@harvard.edu
Care Durbin,283,S,cdurbin4j@newsvine.com
Caroljean Hallyburton,799,M,challyburton4k@huffingtonpost.com
Ambrosius Ybarra,617,U,aybarra4l@yellowpages.com
Elfreda Langthorne,235,A,elangthorne4m@trellian.com
Mandie Overell,711,Y,moverell4n@feedburner.com
Junia Skillings,8,U,jskillings4o@de.vu
Zorah Stimpson,80,R,zstimpson4p@behance.net
Patty Jakubovicz,51,V,pjakubovicz4q@intel.com
Carmela Bartot,16,S,cbartot4r@admin.ch
Dudley Kirby,499,R,dkirby4s@tinyurl.com
Wyndham Tennison,750,A,wtennison4t@mapy.cz
Chaim Winley,724,C,cwinley4u@youtu.be
Melodie Bolderoe,23,E,mbolderoe4v@pen.io
Giuseppe Itzkowicz,825,V,gitzkowicz4w@163.com
Rochester Woolham,912,G,rwoolham4x@bbc.co.uk
Axel Sails,524,G,asails4y@is.gd
Neron Conroy,932,W,nconroy4z@techcrunch.com
Arline Spenclay,91,E,aspenclay50@spiegel.de
Lyman Jellis,7,D,ljellis51@nasa.gov
Anetta Lamborn,749,Q,alamborn52@samsung.com
Shanna Oakland,162,K,soakland53@blogtalkradio.com
Idelle Hartshorn,798,G,ihartshorn54@discuz.net
Eberto Hofer,919,L,ehofer55@intel.com
Godwin Mattusevich,753,F,gmattusevich56@acquirethisname.com
Magda Kirdsch,405,E,mkirdsch57@telegraph.co.uk
Anallese McDill,532,K,amcdill58@harvard.edu
Hally Darth,238,L,hdarth59@list-manage.com
Adriano Truder,4,A,atruder5a@flickr.com
Wilma Crich,568,H,wcrich5b@issuu.com
Wilie Budgey,630,R,wbudgey5c@nymag.com
Konstance Rabbitts,558,F,krabbitts5d@cpanel.net
Guenevere Brisker,49,T,gbrisker5e@weebly.com
Delcine Ridel,851,I,dridel5f@hatena.ne.jp
Theodore Kenrack,700,Z,tkenrack5g@exblog.jp
Nathan Founds,472,D,nfounds5h@bluehost.com
Koralle Garmans,780,T,kgarmans5i@networksolutions.com
Yevette Opie,748,Z,yopie5j@list-manage.com
Birdie Littrick,167,E,blittrick5k@hostgator.com
Giovanna Pina,30,T,gpina5l@state.tx.us
Elvina Bettis,121,U,ebettis5m@networkadvertising.org
Catherin Shergold,879,R,cshergold5n@home.pl
Lilli Schulke,698,H,lschulke5o@unc.edu
Johanna Carleton,483,O,jcarleton5p@europa.eu
Alika Wedlake,634,J,awedlake5q@unc.edu
Omar Ashment,828,J,oashment5r@ow.ly
Lynelle Destouche,129,A,ldestouche5s@phpbb.com
Corie Jeays,308,N,cjeays5t@de.vu
Nicholas Kimpton,858,F,nkimpton5u@ask.com
Shepherd Devenny,94,K,sdevenny5v@timesonline.co.uk
Violetta Tunsley,990,S,vtunsley5w@1und1.de
Patsy Lambricht,974,U,plambricht5x@desdev.cn
Franzen Slyford,487,Y,fslyford5y@ebay.co.uk
Urban Haycroft,800,M,uhaycroft5z@springer.com
Deana Farge,554,V,dfarge60@weibo.com
Siusan Spawforth,549,P,sspawforth61@nhs.uk
Libby Shadwick,439,J,lshadwick62@163.com
Trude Burston,674,R,tburston63@netvibes.com
Oralie Martland,841,M,omartland64@bigcartel.com
Nickolai Pittway,438,W,npittway65@vistaprint.com
Melisandra Cobb,977,L,mcobb66@bbb.org
Aubrey Iffe,945,T,aiffe67@google.nl
Kacie Mealand,456,G,kmealand68@myspace.com
Roze Dicker,535,H,rdicker69@theglobeandmail.com
Tanya Menendes,396,H,tmenendes6a@so-net.ne.jp
Taite Siss,615,V,tsiss6b@blogs.com
Eben Mableson,223,O,emableson6c@telegraph.co.uk
Wylma Chad,391,T,wchad6d@php.net
Yasmin Larret,74,G,ylarret6e@adobe.com
Margaux Pinkett,115,X,mpinkett6f@opensource.org
Abigale Cudiff,28,Z,acudiff6g@unicef.org
Mirabella Battison,735,K,mbattison6h@last.fm
Nicolle Dolan,205,U,ndolan6i@opensource.org
Selie Davenhill,153,T,sdavenhill6j@instagram.com
Lind Jamison,469,G,ljamison6k@psu.edu
Hermon Merrien,103,W,hmerrien6l@kickstarter.com
Amalle Stenyng,5,G,astenyng6m@yahoo.com
Les O'Canavan,122,B,locanavan6n@w3.org
Sal Coddington,578,G,scoddington6o@1und1.de
Malcolm Pickerill,7,I,mpickerill6p@sourceforge.net
Mae Aimable,646,V,maimable6q@prweb.com
Arney Skrzynski,471,Z,askrzynski6r@stumbleupon.com
Pia Groves,610,C,pgroves6s@blogger.com
Benjy Huguenet,694,G,bhuguenet6t@illinois.edu
Roana Pickaver,863,Q,rpickaver6u@github.io
Hilliard Storrar,285,F,hstorrar6v@mysql.com
Abbye Tedder,325,Z,atedder6w@dmoz.org
Aeriela Paulusch,571,G,apaulusch6x@timesonline.co.uk
Alyse Lusher,944,K,alusher6y@reverbnation.com
Lorine Skrzynski,209,D,lskrzynski6z@telegraph.co.uk
Corby Clemo,242,P,cclemo70@photobucket.com
Lula Tinsey,792,B,ltinsey71@de.vu
Candis Flexman,670,E,cflexman72@hud.gov
Carmencita Dable,848,Y,cdable73@walmart.com
Nicoli Treske,713,S,ntreske74@craigslist.org
Raven Baudry,891,M,rbaudry75@fastcompany.com
Sybille Ivanshintsev,958,E,sivanshintsev76@columbia.edu
Quent Kilfedder,289,F,qkilfedder77@bing.com
Peterus McKernon,192,L,pmckernon78@mapy.cz
Abran Le Bosse,385,I,ale79@cyberchimps.com
Rafaelia McMearty,542,U,rmcmearty7a@hud.gov
Nonna Pittman,658,D,npittman7b@free.fr
Raynell Blacklock,736,P,rblacklock7c@pen.io
Tremayne Kettleson,60,F,tkettleson7d@independent.co.uk
Agosto Hallsworth,113,U,ahallsworth7e@ameblo.jp
Karissa Michelin,648,E,kmichelin7f@exblog.jp
Valerye Robillard,73,W,vrobillard7g@huffingtonpost.com
Margarette Cathel,658,L,mcathel7h@buzzfeed.com
Rudolfo Francie,457,N,rfrancie7i@about.me
Atlanta McConachie,612,X,amcconachie7j@redcross.org
Hanson Innot,693,H,hinnot7k@sohu.com
Elissa Lagne,855,M,elagne7l@nih.gov
Glennie Chidwick,298,A,gchidwick7m@aol.com
Vassily Petrie,600,Z,vpetrie7n@spiegel.de
Carver Dumphrey,191,O,cdumphrey7o@purevolume.com
Gael Rydzynski,560,A,grydzynski7p@cnn.com
Ailsun Trow,725,F,atrow7q@seesaa.net
Crawford Flello,458,A,cflello7r@indiatimes.com
Kelcy Featherstonhalgh,408,L,kfeatherstonhalgh7s@mapquest.com
Meggy Giacopini,526,R,mgiacopini7t@amazonaws.com
Marguerite Scaysbrook,593,Q,mscaysbrook7u@virginia.edu
Dorolisa Dybald,208,J,ddybald7v@amazonaws.com
Denni Lawlee,570,C,dlawlee7w@usgs.gov
Teresa Batterton,535,G,tbatterton7x@bloglovin.com
Verney Gebb,12,E,vgebb7y@washingtonpost.com
Gan Drinkhill,194,J,gdrinkhill7z@reference.com
Neill Le Sarr,493,F,nle80@geocities.com
Mirabella Lanmeid,821,O,mlanmeid81@infoseek.co.jp
Jodie Bortoluzzi,986,R,jbortoluzzi82@geocities.com
Rosalinda Ofen,528,Q,rofen83@privacy.gov.au
Ketty Byatt,524,Z,kbyatt84@odnoklassniki.ru
Celinda Orthmann,229,U,corthmann85@disqus.com
Odille Levick,241,Z,olevick86@indiatimes.com
Cherlyn Sieur,149,J,csieur87@vimeo.com
Hilliary Jagiello,56,Z,hjagiello88@narod.ru
Whitney Nel,134,F,wnel89@epa.gov
Cinnamon Hendron,457,F,chendron8a@xrea.com
Reeba Peoples,453,R,rpeoples8b@eventbrite.com
Karlie Golden of Ireland,590,U,kgolden8c@163.com
Frants Dressell,547,B,fdressell8d@typepad.com
York Hurich,937,S,yhurich8e@foxnews.com
Armando Kerrod,512,X,akerrod8f@house.gov
Tommie Emslie,409,L,temslie8g@businessweek.com
Nyssa Stitle,945,J,nstitle8h@tinyurl.com
Matty Donson,436,T,mdonson8i@privacy.gov.au
Delilah Burkhill,947,D,dburkhill8j@apple.com
Waldon Peirson,774,G,wpeirson8k@usa.gov
Ase Cammock,675,C,acammock8l@squarespace.com
Duky Ambroix,233,X,dambroix8m@storify.com
Donielle Gammett,13,Y,dgammett8n@theguardian.com
Lorri Senecaut,31,N,lsenecaut8o@51.la
Trixi Gemeau,317,Y,tgemeau8p@nsw.gov.au
Duff Ricks,623,X,dricks8q@flickr.com
Janella Busk,480,B,jbusk8r@mit.edu
Glad Chazerand,693,L,gchazerand8s@xing.com
Michele Scarse,336,L,mscarse8t@unesco.org
Lyndel Hatchell,138,C,lhatchell8u@columbia.edu
Thornie Mullett,670,B,tmullett8v@vistaprint.com
Sigmund Cowperthwaite,910,D,scowperthwaite8w@spotify.com
Fara Birtonshaw,239,W,fbirtonshaw8x@wisc.edu
Fayth McWhannel,195,M,fmcwhannel8y@360.cn
Dominik Tomalin,436,D,dtomalin8z@miibeian.gov.cn
Gwynne Proven,677,G,gproven90@oracle.com
Padriac Dumphry,293,R,pdumphry91@joomla.org
Vaughan Daffern,701,V,vdaffern92@addthis.com
Brucie McKennan,194,P,bmckennan93@ftc.gov
Camey Pucker,225,C,cpucker94@baidu.com
Caresse Barker,313,U,cbarker95@businessweek.com
Leela Holdworth,955,D,lholdworth96@linkedin.com
Timi Gierck,37,K,tgierck97@home.pl
Elyse Garland,143,I,egarland98@amazon.co.uk
Tomlin Tevlin,862,X,ttevlin99@pinterest.com
Dolores Akid,406,C,dakid9a@adobe.com
Lay Jowers,949,X,ljowers9b@bloomberg.com
Jocelyn Lammers,775,U,jlammers9c@skyrock.com
Patric Godley,681,W,pgodley9d@globo.com
Audre Grigorkin,596,E,agrigorkin9e@xinhuanet.com
Bunni Legon,339,M,blegon9f@amazonaws.com
Phaedra Jennison,854,N,pjennison9g@indiegogo.com
Penny Betjes,145,S,pbetjes9h@goodreads.com
Othilia Tromans,17,O,otromans9i@shareasale.com
Germayne Eltune,34,I,geltune9j@gov.uk
Vitia Boddie,71,E,vboddie9k@last.fm
Beatrisa Valett,243,H,bvalett9l@ning.com
Alexis Legerton,578,W,alegerton9m@elegantthemes.com
Corissa Ledwitch,942,N,cledwitch9n@springer.com
Debbie Wallach,280,P,dwallach9o@google.es
Link Keune,630,A,lkeune9p@hatena.ne.jp
Tallie Doniso,136,L,tdoniso9q@ft.com
Emmalee Lambard,370,S,elambard9r@kickstarter.com
Angel Brownsworth,900,X,abrownsworth9s@vistaprint.com
Cece Pocklington,76,U,cpocklington9t@elpais.com
Lorri Ellaway,380,Y,lellaway9u@geocities.jp
Fabiano Alexsandrov,945,E,falexsandrov9v@mozilla.com
Olivier Treanor,552,C,otreanor9w@europa.eu
Carmencita Pender,820,Q,cpender9x@soup.io
Faustina Mix,103,O,fmix9y@google.co.uk
Cleve Groneway,503,F,cgroneway9z@mail.ru
Arliene Asprey,407,Z,aaspreya0@ftc.gov
Pauline Rome,145,M,promea1@ucsd.edu
Marleah Busson,96,N,mbussona2@jigsy.com
Anna Marquis,955,S,amarquisa3@instagram.com
Krystle Balfre,768,V,kbalfrea4@naver.com
Daryn Cridlan,681,H,dcridlana5@wikia.com
Franky Mainland,429,N,fmainlanda6@webnode.com
Archibold O'Driscole,322,A,aodriscolea7@gravatar.com
Cami List,624,S,clista8@google.ru
Adey Swabey,854,F,aswabeya9@sbwire.com
Rodolph Dannohl,650,Q,rdannohlaa@instagram.com
Burt Lyosik,299,E,blyosikab@arizona.edu
Jae Sushams,585,U,jsushamsac@vimeo.com
Weider Burkert,652,I,wburkertad@cnbc.com
Harland Piola,661,T,hpiolaae@purevolume.com
Ada Laterza,475,D,alaterzaaf@google.it
Fredric Mapston,343,O,fmapstonag@biblegateway.com
Alexander Dearell,581,F,adearellah@walmart.com
Val Scruby,671,I,vscrubyai@delicious.com
Connie Hatcher,216,B,chatcheraj@wix.com
Staford Harlock,247,E,sharlockak@google.com.hk
Kaitlyn Feaster,667,Y,kfeasteral@pen.io
Etienne Abendroth,782,R,eabendrotham@unc.edu
Udale Fechnie,516,Z,ufechniean@bizjournals.com
Maurise McTerry,346,A,mmcterryao@intel.com
Perice Dashper,631,U,pdashperap@ca.gov
Rowland Tocque,305,K,rtocqueaq@blog.com
Faye Le Provost,72,Q,flear@netvibes.com
Micheil Croux,980,G,mcrouxas@cdc.gov
Elsinore Franz-Schoninger,419,V,efranzschoningerat@alexa.com
Octavius Newbury,989,V,onewburyau@tripod.com
Ashli Bollon,469,J,abollonav@comsenz.com
Lanny Lewinton,137,F,llewintonaw@ucla.edu
Aaron Gardner,789,O,agardnerax@wufoo.com
Chandal Petrus,746,C,cpetrusay@weibo.com
Isiahi Baythorp,716,I,ibaythorpaz@soup.io
Frayda McGrath,740,M,fmcgrathb0@loc.gov
Arlie Haughian,786,U,ahaughianb1@amazon.co.jp
Cheslie Archbold,801,G,carchboldb2@europa.eu
Dav Snell,208,F,dsnellb3@tamu.edu
Junie Le Noire,188,O,jleb4@amazon.co.uk
Martina Laybourn,874,K,mlaybournb5@is.gd
Claude Bartley,412,R,cbartleyb6@army.mil
Kelwin Burgwin,737,B,kburgwinb7@cafepress.com
Caroline Ripper,492,E,cripperb8@dmoz.org
Sheilah Reid,371,R,sreidb9@multiply.com
Normy Tiller,729,J,ntillerba@rambler.ru
Selena Dashper,543,W,sdashperbb@answers.com
Shantee Easson,326,Q,seassonbc@infoseek.co.jp
Matthaeus Tudor,573,M,mtudorbd@dell.com
Donn Talby,238,Z,dtalbybe@facebook.com
Selle Python,886,T,spythonbf@dot.gov
Simonette Town,213,F,stownbg@dailymail.co.uk
Pet Smyth,460,Z,psmythbh@surveymonkey.com
Clifford Belmont,28,C,cbelmontbi@fotki.com
Vicki Craighead,491,R,vcraigheadbj@prweb.com
Allina Agar,963,L,aagarbk@statcounter.com
Tabbie Roscher,59,V,troscherbl@nih.gov
Celinda Bayne,408,E,cbaynebm@nps.gov
Simone Davenhall,283,R,sdavenhallbn@ibm.com
Gene Bjorkan,164,L,gbjorkanbo@reddit.com
Coralie Bengough,564,H,cbengoughbp@accuweather.com
Jimmie Lansdown,32,Y,jlansdownbq@cbc.ca
Alfi Hele,544,O,ahelebr@buzzfeed.com
Karon Erangey,869,H,kerangeybs@cocolog-nifty.com
Paulina Sawyer,585,W,psawyerbt@unicef.org
Jerry Kleinfeld,337,N,jkleinfeldbu@hibu.com
Lars Dhennin,599,L,ldhenninbv@parallels.com
Marius Sexstone,510,S,msexstonebw@shutterfly.com
Robyn Ellis,874,F,rellisbx@theguardian.com
Lionello Litt,175,I,llittby@bigcartel.com
Julissa Huddy,597,J,jhuddybz@example.com
Jae Danielsohn,439,J,jdanielsohnc0@netscape.com
Natty Michelin,269,S,nmichelinc1@hc360.com
Imogen Sallans,751,W,isallansc2@patch.com
Davy Yeliashev,647,O,dyeliashevc3@godaddy.com
Ninnette Tawse,532,G,ntawsec4@answers.com
Garvin Mc Combe,13,H,gmcc5@wsj.com
Merill Massei,399,P,mmasseic6@csmonitor.com
Eddy Eeles,354,Z,eeelesc7@google.com.br
Flemming Bettleson,625,R,fbettlesonc8@yelp.com
Ludvig Bentame,811,U,lbentamec9@tuttocitta.it
Liane Sibbert,303,Y,lsibbertca@rediff.com
Winona Parnby,609,O,wparnbycb@arstechnica.com
Hasheem Geer,575,R,hgeercc@tumblr.com
Cordi Johantges,770,Y,cjohantgescd@dailymail.co.uk
Helli Pleuman,765,D,hpleumance@paypal.com
Richmond Pinchon,169,H,rpinchoncf@engadget.com
Igor Baruch,667,B,ibaruchcg@i2i.jp
Konstantin Bates,459,P,kbatesch@paginegialle.it
Barbabas Lepper,846,X,blepperci@forbes.com
Gayelord Luebbert,71,C,gluebbertcj@globo.com
Lyell Richings,115,Q,lrichingsck@oakley.com
Nani Sliney,400,K,nslineycl@digg.com
Philbert Necrews,705,E,pnecrewscm@nymag.com
Baxy Hulkes,325,G,bhulkescn@is.gd
Artemas Meeland,55,T,ameelandco@marriott.com
Bren Crinson,109,Q,bcrinsoncp@yellowbook.com
Woody Scholar,560,K,wscholarcq@chronoengine.com
Candis Cubbit,948,G,ccubbitcr@wix.com
Llywellyn Ochterlonie,657,T,lochterloniecs@bizjournals.com
Amalea Brigstock,667,A,abrigstockct@google.it
Carolus Di Giacomo,308,W,cdicu@exblog.jp
Lucy Mannock,611,K,lmannockcv@fda.gov
Merola Normadell,505,P,mnormadellcw@umn.edu
Janella Fittes,1000,T,jfittescx@nhs.uk
Sheilah Feavearyear,869,C,sfeavearyearcy@dmoz.org
Corey Dymond,264,O,cdymondcz@usgs.gov
Mellisa Fullerton,677,A,mfullertond0@google.com.hk
Lynett Nardoni,971,J,lnardonid1@netscape.com
Gladys Stearnes,795,U,gstearnesd2@godaddy.com
Belita Denness,176,H,bdennessd3@theatlantic.com
Susannah MacIlurick,381,R,smacilurickd4@omniture.com
Alisa Orthmann,956,J,aorthmannd5@spotify.com
Halsy Maty,62,J,hmatyd6@storify.com
Basile Cumo,218,K,bcumod7@ezinearticles.com
Reg Bestar,312,M,rbestard8@soup.io
Cookie Bortolomei,47,W,cbortolomeid9@wikipedia.org
Olvan Gregan,285,M,ogreganda@pen.io
Mikol Chalcroft,65,O,mchalcroftdb@feedburner.com
Enos Falconbridge,569,I,efalconbridgedc@shop-pro.jp
Penny Winterscale,607,W,pwinterscaledd@paypal.com
Aida Janks,500,O,ajanksde@tumblr.com
Waldo McCrohon,280,R,wmccrohondf@diigo.com
Elvin Jelleman,29,B,ejellemandg@storify.com
Amaleta Rowlstone,933,M,arowlstonedh@fastcompany.com
Hersh Idale,867,O,hidaledi@google.pl
Daffie Leipold,209,F,dleipolddj@hud.gov
Jacquenetta Bindon,471,I,jbindondk@adobe.com
Farlee Fryer,729,Q,ffryerdl@xinhuanet.com
Kippy Suttling,554,B,ksuttlingdm@jugem.jp
Bert Salandino,713,M,bsalandinodn@cnet.com
Werner Molloy,340,S,wmolloydo@archive.org
Noam Havill,543,J,nhavilldp@ning.com
Bev McCathay,273,L,bmccathaydq@zdnet.com
Evyn Mallatratt,625,J,emallatrattdr@java.com
Lulita Schooley,702,I,lschooleyds@huffingtonpost.com
Jermaine Doche,103,O,jdochedt@uiuc.edu
Gus Rouzet,38,O,grouzetdu@virginia.edu
Darwin Connerry,205,K,dconnerrydv@cyberchimps.com
Willi Brudenell,670,O,wbrudenelldw@live.com
Shelley Greeves,873,K,sgreevesdx@zdnet.com
Lisbeth Di Dello,322,T,ldidy@ft.com
Issi Turnpenny,507,E,iturnpennydz@domainmarket.com
Westbrook Curl,224,Q,wcurle0@wsj.com
Elia Copins,881,K,ecopinse1@gnu.org
Grace Etty,895,E,gettye2@github.com
Anastasia Awde,174,X,aawdee3@noaa.gov
Godard Rosthorn,213,S,grosthorne4@ow.ly
Nickey Fibbings,865,L,nfibbingse5@infoseek.co.jp
Douglas Stichall,42,B,dstichalle6@ucoz.ru
Barrie Baly,480,Y,bbalye7@ibm.com
Gaspar Balding,272,S,gbaldinge8@example.com
Fleur Maunsell,842,O,fmaunselle9@theglobeandmail.com
Kaleena Curthoys,204,L,kcurthoysea@reverbnation.com
Isiahi Skill,821,L,iskilleb@theglobeandmail.com
Salome Rosendall,440,H,srosendallec@gizmodo.com
Hetty Smallshaw,755,Y,hsmallshawed@wikispaces.com
Hugibert Caccavari,981,Q,hcaccavariee@cargocollective.com
Dev Yearnes,731,M,dyearnesef@discovery.com
Lyndsay Rathe,14,T,lratheeg@statcounter.com
Angelita Meace,962,W,ameaceeh@tiny.cc
Daron Flay,30,C,dflayei@yahoo.com
Paddie Gabbitas,671,D,pgabbitasej@w3.org
Vonny MacGille,963,M,vmacgilleek@newsvine.com
Feliks Isaksen,361,Z,fisaksenel@sogou.com
Herminia Mucklow,986,B,hmucklowem@devhub.com
Caressa Plaid,312,K,cplaiden@squidoo.com
Gardie Sex,662,R,gsexeo@accuweather.com
Peg Brawson,252,W,pbrawsonep@springer.com
Malory Brignell,347,C,mbrignelleq@statcounter.com
Winona Dani,854,T,wdanier@craigslist.org
Staci Oakshott,439,C,soakshottes@tinypic.com
Lindsay Tarpey,742,J,ltarpeyet@craigslist.org
June MacGow,228,U,jmacgoweu@nih.gov
Justis Thairs,962,W,jthairsev@prnewswire.com
Minda Coaker,788,L,mcoakerew@deliciousdays.com
Byram Burrus,422,B,bburrusex@disqus.com
Lolita Woodcraft,789,N,lwoodcraftey@hao123.com
Claretta D'Ugo,67,V,cdugoez@shinystat.com
Wileen McKeveney,323,F,wmckeveneyf0@flickr.com
Stacie Cackett,97,L,scackettf1@canalblog.com
Karin Bunker,181,H,kbunkerf2@mlb.com
Ashlen Cudiff,92,A,acudifff3@google.nl
Wildon Worham,255,Y,wworhamf4@mapy.cz
Nertie Baselli,781,I,nbasellif5@facebook.com
Maryjo Gutans,308,N,mgutansf6@rakuten.co.jp
Gaylene Clewett,67,G,gclewettf7@deviantart.com
Coleman Ead,637,F,ceadf8@addtoany.com
Ephrayim Petrello,43,E,epetrellof9@topsy.com
Dona Corey,923,A,dcoreyfa@woothemes.com
Francis Burch,907,X,fburchfb@washingtonpost.com
Austina Feilden,110,X,afeildenfc@spotify.com
Davidde Rolf,582,A,drolffd@reference.com
Marline Guild,746,H,mguildfe@intel.com
Floris Penney,617,U,fpenneyff@soundcloud.com
Syman Gores,125,J,sgoresfg@ask.com
Jimmy Abbotson,556,A,jabbotsonfh@posterous.com
Ninette Todarini,705,D,ntodarinifi@auda.org.au
Andie Parbrook,218,C,aparbrookfj@drupal.org
Hynda Rabley,888,Z,hrableyfk@state.tx.us
Packston Lethby,370,C,plethbyfl@taobao.com
Luce Hellyar,827,T,lhellyarfm@harvard.edu
Samson Melpuss,385,X,smelpussfn@whitehouse.gov
Kimbra Lowes,595,Q,klowesfo@irs.gov
Leesa Vanyashin,914,Q,lvanyashinfp@shinystat.com
Wallace Considine,786,D,wconsidinefq@feedburner.com
Melba Baldcock,400,Z,mbaldcockfr@scribd.com
August Guilder,697,W,aguilderfs@exblog.jp
Ewart Gunther,421,T,eguntherft@state.gov
Blythe Beeken,174,T,bbeekenfu@shinystat.com
Giacomo Gath,325,D,ggathfv@list-manage.com
Sigismond Gaskamp,492,A,sgaskampfw@amazonaws.com
Bernadette Hutchason,757,M,bhutchasonfx@globo.com
Lotty Noad,898,H,lnoadfy@chronoengine.com
Debbi Stirling,236,J,dstirlingfz@thetimes.co.uk
Lissy Butterwick,837,W,lbutterwickg0@prweb.com
Merwin Gofford,97,M,mgoffordg1@artisteer.com
Arlyn Caze,971,Q,acazeg2@telegraph.co.uk
Valle Eastham,634,H,veasthamg3@youtu.be
Bryn Atthowe,796,D,batthoweg4@yellowbook.com
Sasha Harniman,567,M,sharnimang5@pcworld.com
Sharleen Ranaghan,713,I,sranaghang6@csmonitor.com
Ward Provost,868,C,wprovostg7@meetup.com
Peggie Broke,267,T,pbrokeg8@oracle.com
Elsworth Shewery,375,V,esheweryg9@adobe.com
Ulick Gynn,414,X,ugynnga@usatoday.com
Vickie Blain,435,M,vblaingb@prnewswire.com
Arline Thackham,937,X,athackhamgc@hubpages.com
Syman Broster,641,F,sbrostergd@cnbc.com
Clemens Fontenot,911,F,cfontenotge@wiley.com
Clarice Bareham,415,H,cbarehamgf@sun.com
Giulia Sobieski,350,Q,gsobieskigg@squarespace.com
Erik Fairbridge,192,V,efairbridgegh@illinois.edu
Reinaldo Mowles,956,I,rmowlesgi@google.co.jp
Corie Newband,142,R,cnewbandgj@ft.com
Horatius LAbbet,64,U,hlabbetgk@boston.com
Zechariah Frisch,158,W,zfrischgl@who.int
Erin Valerius,575,M,evaleriusgm@sciencedirect.com
Abagael Lowndes,824,A,alowndesgn@engadget.com
Norris Menaul,422,P,nmenaulgo@google.ca
Constantine Dislee,946,M,cdisleegp@google.com.au
Broddy D'Ugo,39,C,bdugogq@unblog.fr
Wells Flasby,961,K,wflasbygr@pagesperso-orange.fr
Hillary O'Lyhane,677,A,holyhanegs@dailymail.co.uk
Eduard Walling,759,K,ewallinggt@discovery.com
Nari Morley,78,F,nmorleygu@yahoo.com
Cort Dowe,615,U,cdowegv@gnu.org
Emory Ruane,407,W,eruanegw@cnet.com
Constancy Davidavidovics,618,W,cdavidavidovicsgx@sogou.com
Gardner MacCafferky,646,Z,gmaccafferkygy@washington.edu
Keen Macer,978,B,kmacergz@webs.com
Barbette Whittaker,213,M,bwhittakerh0@topsy.com
Margarethe Boddam,446,M,mboddamh1@mediafire.com
Thorpe Hubeaux,515,R,thubeauxh2@dmoz.org
Hy Wickliffe,158,V,hwickliffeh3@people.com.cn
Roseanne Gerler,914,I,rgerlerh4@behance.net
Laurie Cobden,398,J,lcobdenh5@ihg.com
Hedwiga Frankiewicz,431,W,hfrankiewiczh6@newsvine.com
August Petera,98,U,apeterah7@furl.net
Dagny Fernant,702,O,dfernanth8@wordpress.com
Tessa Dodshon,39,G,tdodshonh9@bbc.co.uk
Jerrilee Collings,118,U,jcollingsha@census.gov
Davidde Chalfont,908,G,dchalfonthb@bbb.org
Burlie McGaughie,442,W,bmcgaughiehc@wp.com
Henri Eneas,546,P,heneashd@myspace.com
Horatia Morgon,697,U,hmorgonhe@hibu.com
Norby Novello,985,I,nnovellohf@sbwire.com
Benedikta Hearley,507,U,bhearleyhg@techcrunch.com
Dwayne Allpress,66,E,dallpresshh@gmpg.org
Marga Grundell,968,I,mgrundellhi@timesonline.co.uk
Estel Cheyney,409,P,echeyneyhj@163.com
Desmund Broadway,522,N,dbroadwayhk@pagesperso-orange.fr
Dwight Shippam,258,J,dshippamhl@nhs.uk
Rubie Pennings,114,X,rpenningshm@google.it
Hendrika Brogioni,958,T,hbrogionihn@google.cn
Rriocard Duffitt,621,O,rduffittho@mysql.com
Kelwin Sivell,970,G,ksivellhp@youtu.be
Murray Milne,270,N,mmilnehq@webs.com
Chelsie Kinze,844,D,ckinzehr@thetimes.co.uk
Diahann Jee,924,N,djeehs@cornell.edu
Keene Gallety,447,D,kgalletyht@twitpic.com
Codie Connah,562,M,cconnahhu@myspace.com
Mischa Flinders,108,S,mflindershv@google.co.jp
Skelly Riby,376,B,sribyhw@ucoz.ru
Vidovik Wiburn,442,S,vwiburnhx@google.fr
Kendell Keelinge,115,C,kkeelingehy@about.me
Gaspard Jurczyk,568,I,gjurczykhz@ucoz.com
Yehudit Goldbourn,822,M,ygoldbourni0@eventbrite.com
Palmer Crowden,340,N,pcrowdeni1@dailymail.co.uk
Halsy Faas,200,W,hfaasi2@google.cn
Annabela Jordeson,243,F,ajordesoni3@spotify.com
Artie Quinn,32,S,aquinni4@si.edu
Maxwell Allam,929,U,mallami5@twitpic.com
Cass Sains,420,F,csainsi6@vistaprint.com
Vernen Heinle,62,W,vheinlei7@oaic.gov.au
Goran Capes,394,G,gcapesi8@craigslist.org
Garner Siggee,950,L,gsiggeei9@webeden.co.uk
Bear McDougal,405,H,bmcdougalia@imdb.com
Andros Pleager,91,R,apleagerib@addthis.com
Ciro Dumphrey,871,Q,cdumphreyic@wix.com
Sheff Rowlson,243,W,srowlsonid@umich.edu
Isabelita Rodden,655,A,iroddenie@newsvine.com
Shela Sackey,152,D,ssackeyif@shop-pro.jp
Perren Moors,135,T,pmoorsig@de.vu
Curr Kurton,500,A,ckurtonih@digg.com
Laure Hurd,648,Y,lhurdii@friendfeed.com
Kamillah Jammes,998,Y,kjammesij@vk.com
Milton Phonix,793,A,mphonixik@de.vu
Ashley Liddicoat,589,V,aliddicoatil@washingtonpost.com
Mariana Andriessen,608,O,mandriessenim@newsvine.com
Orazio Cossey,521,F,ocosseyin@ted.com
Chad Dik,861,B,cdikio@netscape.com
Lezley Bonnell,921,V,lbonnellip@aol.com
Janka Rigmand,59,H,jrigmandiq@fastcompany.com
Tanner Kemson,916,J,tkemsonir@woothemes.com
Dionisio Feldfisher,633,L,dfeldfisheris@vk.com
Skipp Bonass,971,Y,sbonassit@dropbox.com
Simon Trout,825,V,stroutiu@tiny.cc
Danit Ferrotti,204,F,dferrottiiv@utexas.edu
Ardelia Cheston,117,M,achestoniw@wsj.com
Otes Ciani,133,U,ocianiix@ucla.edu
Derron Windram,536,B,dwindramiy@yelp.com
Bryana Divver,203,T,bdivveriz@businessweek.com
Dallis Pampling,637,P,dpamplingj0@dion.ne.jp
Iver Fassbindler,138,G,ifassbindlerj1@gmpg.org
Shawn Seabridge,578,Z,sseabridgej2@utexas.edu
Nikolos Dalbey,852,J,ndalbeyj3@gmpg.org
Kelly Readett,752,W,kreadettj4@creativecommons.org
Tod Dell 'Orto,784,B,tdellj5@people.com.cn
Matthew Goldby,754,O,mgoldbyj6@miitbeian.gov.cn
Irene Darker,72,R,idarkerj7@bing.com
Celestina Lampke,451,G,clampkej8@gmpg.org
Rosmunda MacNeil,307,D,rmacneilj9@newsvine.com
Barty Brougham,575,T,bbroughamja@biglobe.ne.jp
Miriam Pellingar,359,S,mpellingarjb@godaddy.com
Jammal Hugo,68,E,jhugojc@phpbb.com
Aleda Maggiore,140,E,amaggiorejd@delicious.com
Jolynn Pennycock,13,Q,jpennycockje@state.tx.us
Herold Larroway,693,D,hlarrowayjf@gizmodo.com
Bernita Lugard,153,D,blugardjg@unicef.org
Addy Maccrea,676,A,amaccreajh@japanpost.jp
Dell Godspede,746,U,dgodspedeji@chronoengine.com
Valenka Doogan,418,U,vdooganjj@blogtalkradio.com
Carolus McCallion,274,T,cmccallionjk@angelfire.com
Jessika Lingard,582,S,jlingardjl@cisco.com
Doria Rosling,26,W,droslingjm@fc2.com
Randie Honywill,750,Y,rhonywilljn@illinois.edu
Cherilynn Filippyev,393,C,cfilippyevjo@ca.gov
Ram Espina,399,Z,respinajp@seattletimes.com
D'arcy Mettricke,355,S,dmettrickejq@discuz.net
Virginie Rookwell,899,D,vrookwelljr@xinhuanet.com
Nedi Hilling,533,B,nhillingjs@yelp.com
Isak Makin,342,J,imakinjt@fotki.com
Bear Brosini,388,E,bbrosiniju@virginia.edu
Hailey Laurencot,766,B,hlaurencotjv@chron.com
Bradley Izzatt,721,F,bizzattjw@smh.com.au
Brier Berthouloume,329,M,bberthouloumejx@va.gov
Finlay Izzard,550,H,fizzardjy@wikispaces.com
Jandy Strafen,599,N,jstrafenjz@discovery.com
Jareb Attree,231,M,jattreek0@odnoklassniki.ru
Thorsten Cutsforth,252,N,tcutsforthk1@patch.com
Pancho Permain,77,H,ppermaink2@reference.com
Gwenneth Nockles,45,S,gnocklesk3@engadget.com
Der Zannuto,977,P,dzannutok4@eventbrite.com
Rebeca Frango,465,H,rfrangok5@discuz.net
Gayler Maso,458,J,gmasok6@1688.com
Von Tremayle,45,N,vtremaylek7@biglobe.ne.jp
Von Sturridge,903,A,vsturridgek8@squarespace.com
Deb Kettlestring,504,G,dkettlestringk9@csmonitor.com
Carmine Teffrey,477,K,cteffreyka@samsung.com
Iorgos Berrygun,735,W,iberrygunkb@google.com.au
Fredek Casazza,712,O,fcasazzakc@csmonitor.com
Carlynne Radnedge,433,B,cradnedgekd@163.com
Lauree Roskrug,782,K,lroskrugke@examiner.com
Sara-ann Kerins,156,N,skerinskf@elpais.com
Andros Thomen,941,T,athomenkg@fastcompany.com
Reid Potteridge,59,L,rpotteridgekh@slashdot.org
Geoff Weatherell,933,O,gweatherellki@craigslist.org
Cal Delmage,807,L,cdelmagekj@house.gov
Thatcher Spaven,517,X,tspavenkk@columbia.edu
Codi Behan,861,U,cbehankl@baidu.com
Truman Grace,87,W,tgracekm@cyberchimps.com
Cary Ridgers,450,T,cridgerskn@scientificamerican.com
Carola Goddert.sf,85,T,cgoddertsfko@springer.com
Paulita Scandwright,825,X,pscandwrightkp@dion.ne.jp
Constance Hawkshaw,486,E,chawkshawkq@seattletimes.com
Caz Wrighton,587,S,cwrightonkr@flickr.com
Vinny Hallybone,984,D,vhallyboneks@wikispaces.com
Peta Rodmell,249,L,prodmellkt@mapy.cz
Everett Kalb,367,D,ekalbku@pen.io
Sheridan Adney,627,C,sadneykv@whitehouse.gov
Nonah Berrecloth,745,W,nberreclothkw@godaddy.com
Stanislaus Bowser,833,X,sbowserkx@people.com.cn
Larisa Favelle,691,F,lfavelleky@microsoft.com
Linnell Barwise,583,N,lbarwisekz@photobucket.com
Jude Keavy,353,S,jkeavyl0@cbsnews.com
Jennine Cotes,120,M,jcotesl1@123-reg.co.uk
Peirce Joppich,529,M,pjoppichl2@mac.com
Lucretia Christopher,27,R,lchristopherl3@tamu.edu
Harold Hatry,124,U,hhatryl4@xinhuanet.com
Dallis Mardle,353,T,dmardlel5@ucoz.ru
Pippo Feathers,626,Q,pfeathersl6@deviantart.com
Tracey Iredell,545,O,tiredelll7@moonfruit.com
Padriac Ruckert,198,O,pruckertl8@plala.or.jp
Jeremiah Earsman,369,L,jearsmanl9@stumbleupon.com
Stacia Clewlowe,358,I,sclewlowela@slate.com
Arie Scudamore,389,Z,ascudamorelb@ihg.com
Jill Di Francecshi,732,G,jdilc@nature.com
Tallulah Gerleit,402,G,tgerleitld@google.com.hk
Tully Gittus,432,L,tgittusle@ezinearticles.com
Ruthe Schapero,68,B,rschaperolf@t.co
Tremain Brotherwood,862,U,tbrotherwoodlg@de.vu
Tracie Huett,629,P,thuettlh@state.gov
Cherise Cormode,19,I,ccormodeli@163.com
Hetti Waterdrinker,601,W,hwaterdrinkerlj@biblegateway.com
Hilarius Bramich,987,B,hbramichlk@163.com
Gabriello Devons,659,B,gdevonsll@gnu.org
Armand Borg-Bartolo,811,X,aborgbartololm@opensource.org
Allix McHale,302,H,amchaleln@oakley.com
Danie Fevier,876,J,dfevierlo@tinyurl.com
Faulkner Ungerecht,317,Z,fungerechtlp@eepurl.com
Deny Cripps,476,M,dcrippslq@usatoday.com
Todd Eymor,582,I,teymorlr@patch.com
Karlee Ladel,31,O,kladells@altervista.org
Blaine Battisson,691,A,bbattissonlt@github.com
Robbie Frankema,177,Q,rfrankemalu@goo.ne.jp
Rosamond Launder,118,X,rlaunderlv@angelfire.com
Leyla Maccrea,84,M,lmaccrealw@mashable.com
Kelsey Ridwood,693,K,kridwoodlx@clickbank.net
Eimile Dirand,787,V,edirandly@cbslocal.com
Anna Pie,681,M,apielz@1und1.de
Frans Wyrall,343,J,fwyrallm0@soup.io
Gabie Poundesford,251,Z,gpoundesfordm1@dot.gov
Merrilee Timberlake,865,G,mtimberlakem2@yellowbook.com
Dun Penley,676,H,dpenleym3@ucoz.com
Vincenty Asplin,434,T,vasplinm4@telegraph.co.uk
Jenica Buske,294,N,jbuskem5@istockphoto.com
Hermine Pariss,963,A,hparissm6@bing.com
Christiane Bartoszewski,732,R,cbartoszewskim7@smh.com.au
Halsy Keppy,982,X,hkeppym8@google.es
Kaleena Keenor,185,O,kkeenorm9@wisc.edu
Spence Gascone,299,P,sgasconema@ovh.net
Pyotr Kydd,276,D,pkyddmb@tripod.com
Thorpe Grisbrook,734,A,tgrisbrookmc@oakley.com
Deonne Klais,744,D,dklaismd@1688.com
Julienne Jewks,253,O,jjewksme@wisc.edu
Nedda Batrop,825,Q,nbatropmf@vkontakte.ru
Lilith Civitillo,214,B,lcivitillomg@weibo.com
Shana Blemings,830,Z,sblemingsmh@aol.com
Warden Diviney,47,Q,wdivineymi@quantcast.com
Dev Tolomelli,655,C,dtolomellimj@51.la
Tabitha Rumford,770,U,trumfordmk@scribd.com
Sherie Apfel,185,D,sapfelml@dyndns.org
Myra Lavrinov,935,G,mlavrinovmm@tripadvisor.com
Petronella Hyams,377,L,phyamsmn@wikispaces.com
Sharyl Guilder,645,Z,sguildermo@zdnet.com
Shepperd Weed,109,F,sweedmp@wordpress.com
Mella Shillam,32,D,mshillammq@odnoklassniki.ru
Elene Garstang,319,D,egarstangmr@bloomberg.com
Issie Cockshutt,72,W,icockshuttms@ask.com
Gerladina Bough,776,D,gboughmt@booking.com
Evered Noraway,839,C,enorawaymu@prweb.com
Drusilla McFayden,77,S,dmcfaydenmv@gov.uk
Townsend Quarmby,336,H,tquarmbymw@eventbrite.com
Crista Tammadge,872,G,ctammadgemx@msn.com
Katrinka Valintine,981,M,kvalintinemy@purevolume.com
Jewell Chastagnier,792,I,jchastagniermz@ow.ly
Siobhan Batsford,346,R,sbatsfordn0@cafepress.com
Appolonia Dampney,448,L,adampneyn1@google.fr
Jarrid Wigelsworth,135,R,jwigelsworthn2@google.ca
Marty Poynter,419,L,mpoyntern3@cbsnews.com
Muhammad Castanho,817,I,mcastanhon4@rediff.com
Mateo Thairs,305,N,mthairsn5@gnu.org
Jaymee Osband,785,C,josbandn6@state.tx.us
Lucky Wardhaugh,991,B,lwardhaughn7@arstechnica.com
Georgeta Roylance,524,E,groylancen8@redcross.org
Del Henkmann,405,V,dhenkmannn9@slate.com
Rey Aumerle,21,I,raumerlena@xinhuanet.com
Yoshiko MacLure,497,R,ymaclurenb@skype.com
Ferris Blackster,156,Y,fblacksternc@google.it
Darrin Sivills,266,G,dsivillsnd@epa.gov
Mavis Raden,818,O,mradenne@shutterfly.com
Evelin Booy,660,Y,ebooynf@samsung.com
Jolee Lefever,619,C,jlefeverng@springer.com
Caren Lello,273,A,clellonh@so-net.ne.jp
Jolee Chapleo,137,P,jchapleoni@usgs.gov
Richart Ruscoe,738,J,rruscoenj@i2i.jp
Valentina Bottrill,639,R,vbottrillnk@stanford.edu
Wilbur Dunkley,13,S,wdunkleynl@apple.com
Ignatius Posten,351,Q,ipostennm@phoca.cz
Sven Menlove,733,Z,smenlovenn@cnbc.com
Nerta Philpot,635,D,nphilpotno@indiatimes.com
Cynthy Dunniom,900,B,cdunniomnp@theglobeandmail.com
Staford Wherrett,681,T,swherrettnq@cisco.com
Cullan McKenzie,522,I,cmckenzienr@booking.com
Melicent Halmkin,304,Y,mhalmkinns@google.com.hk
Thorstein Hammerberger,787,F,thammerbergernt@lycos.com
Anissa Papen,898,O,apapennu@ox.ac.uk
Angel Venes,665,Z,avenesnv@facebook.com
Tyson Tritten,383,L,ttrittennw@storify.com
Olive Fautly,87,U,ofautlynx@nydailynews.com
Dasha Grindlay,851,D,dgrindlayny@blogs.com
Nananne Konzelmann,988,A,nkonzelmannnz@123-reg.co.uk
Samaria Pasticznyk,752,E,spasticznyko0@seesaa.net
Sidnee Salvage,558,U,ssalvageo1@360.cn
Abe Malby,183,N,amalbyo2@nbcnews.com
Emanuel Marusik,840,B,emarusiko3@printfriendly.com
Brook Syder,349,W,bsydero4@unicef.org
Flossy Lemary,64,W,flemaryo5@virginia.edu
Janette Juszczak,903,M,jjuszczako6@wired.com
Juliet Eytel,783,Q,jeytelo7@pagesperso-orange.fr
Cinderella Shower,772,R,cshowero8@answers.com
Patin Hunton,518,X,phuntono9@bing.com
Grange Dilleway,979,O,gdillewayoa@soup.io
Clayborne Mebius,544,G,cmebiusob@jugem.jp
Lacee Blyth,779,T,lblythoc@sourceforge.net
Aurora Douglass,151,M,adouglassod@themeforest.net
Caitlin Godbolt,711,H,cgodboltoe@feedburner.com
Roddy Baukham,937,K,rbaukhamof@behance.net
Elias Davidek,838,W,edavidekog@cyberchimps.com
Rose Eck,817,Z,reckoh@nhs.uk
Sibilla Chrispin,851,S,schrispinoi@google.cn
Cull Hallam,958,S,challamoj@japanpost.jp
Gabriel Spore,860,Q,gsporeok@yahoo.co.jp
Peggie O'Carroll,649,H,pocarrollol@engadget.com
Bud Water,572,X,bwaterom@comcast.net
Gannon Ellington,818,B,gellingtonon@bigcartel.com
Mignonne Bootland,598,U,mbootlandoo@gnu.org
Farrel Picken,184,H,fpickenop@mashable.com
Nerissa Winsiowiecki,667,J,nwinsiowieckioq@omniture.com
Daniela Wigfield,730,I,dwigfieldor@cpanel.net
Barbaraanne Jilliss,984,G,bjillissos@mac.com
Obediah Dewan,546,V,odewanot@example.com
Marsiella Roch,14,R,mrochou@blogtalkradio.com
Sean Waghorn,437,B,swaghornov@ucla.edu
Star Legge,83,D,sleggeow@cnn.com
Gunther Joice,567,Q,gjoiceox@accuweather.com
Cazzie Monaghan,274,J,cmonaghanoy@com.com
Nestor Tootin,558,N,ntootinoz@theatlantic.com
Lothario Willars,402,L,lwillarsp0@sakura.ne.jp
Lucias Gairdner,698,L,lgairdnerp1@theguardian.com
Roda Viveash,256,D,rviveashp2@diigo.com
Celine Matijevic,344,Q,cmatijevicp3@imageshack.us
Tori Adiscot,903,L,tadiscotp4@dailymotion.com
Kacie Martynikhin,798,X,kmartynikhinp5@bandcamp.com
Valdemar Rammell,209,Y,vrammellp6@guardian.co.uk
Marabel O'Doherty,847,F,modohertyp7@cmu.edu
Claude Rentoll,306,U,crentollp8@cmu.edu
Bonnibelle Tarbet,545,J,btarbetp9@vistaprint.com
Cad de Almeida,703,G,cdepa@ameblo.jp
Hildagarde Nuth,740,S,hnuthpb@google.cn
Tarra Barme,729,I,tbarmepc@mapy.cz
Rayna Helix,291,I,rhelixpd@engadget.com
Collette Jako,259,G,cjakope@spotify.com
Roth Treppas,754,H,rtreppaspf@prweb.com
Darcey Edmund,937,T,dedmundpg@xinhuanet.com
Hendrick D'Avaux,583,I,hdavauxph@slideshare.net
Torre Puddan,803,G,tpuddanpi@histats.com
Kath McIlwrath,801,N,kmcilwrathpj@wordpress.org
Faye Loudiane,92,C,floudianepk@friendfeed.com
Ario Stoffel,950,J,astoffelpl@etsy.com
Corney Jumont,558,X,cjumontpm@wufoo.com
Hagan Asche,41,M,haschepn@disqus.com
Marvin Pastor,934,I,mpastorpo@bigcartel.com
Bonni Fahey,33,C,bfaheypp@booking.com
Therine Freer,822,B,tfreerpq@alibaba.com
Derek Matyasik,948,H,dmatyasikpr@senate.gov
Becky Harverson,221,J,bharversonps@nationalgeographic.com
Charline Jeffreys,324,V,cjeffreyspt@ca.gov
Theresina Guynemer,996,T,tguynemerpu@alibaba.com
Ryun Trematick,859,N,rtrematickpv@dyndns.org
Philis Leakner,242,F,pleaknerpw@freewebs.com
Loise Jeffery,630,Q,ljefferypx@fda.gov
Silvana Ribeiro,679,D,sribeiropy@cbslocal.com
Charley McNelly,403,L,cmcnellypz@ucoz.ru
Jerad Vignaux,797,Y,jvignauxq0@cargocollective.com
Kori Freke,36,Y,kfrekeq1@telegraph.co.uk
Gael Truckett,886,O,gtruckettq2@ted.com
Correy Haddrell,533,D,chaddrellq3@hexun.com
Freddie Beverstock,657,K,fbeverstockq4@deliciousdays.com
Danell Onians,428,M,doniansq5@arizona.edu
Dore Braunes,609,E,dbraunesq6@bluehost.com
Kylen Leyband,385,H,kleybandq7@t-online.de
Dimitri Handling,959,U,dhandlingq8@state.gov
Mellisa Hoxey,716,U,mhoxeyq9@foxnews.com
Lincoln Bazelle,113,N,lbazelleqa@usnews.com
Benedicto Hucker,840,N,bhuckerqb@webmd.com
Jerry Heersma,424,Z,jheersmaqc@answers.com
Carilyn MacKnight,990,N,cmacknightqd@google.de
Dora Northage,470,K,dnorthageqe@cbc.ca
Archer Strover,692,A,astroverqf@skype.com
Juliana Kiggel,868,D,jkiggelqg@posterous.com
Suzann Inglesant,796,K,singlesantqh@squidoo.com
Christa Rumbold,628,H,crumboldqi@tumblr.com
Pepito Banck,460,R,pbanckqj@gnu.org
Burnard Lezemore,40,K,blezemoreqk@reverbnation.com
Fredek Blackett,72,C,fblackettql@blogger.com
Alexine Lawn,203,W,alawnqm@mashable.com
Felicity Bosanko,458,O,fbosankoqn@over-blog.com
Tara Bougen,604,V,tbougenqo@apache.org
Goran Gilstoun,612,X,ggilstounqp@surveymonkey.com
Netta Alfonsetto,485,D,nalfonsettoqq@nba.com
Angele Carmichael,148,S,acarmichaelqr@networksolutions.com
Brandy Kimmerling,196,K,bkimmerlingqs@flavors.me
Arden Pimley,541,P,apimleyqt@oakley.com
Cloris Sacco,29,J,csaccoqu@state.tx.us
Virgie Erat,804,J,veratqv@indiatimes.com
Nixie Gundry,744,D,ngundryqw@digg.com
Flora Broschek,814,O,fbroschekqx@reverbnation.com
Ruthy Overal,320,W,roveralqy@spiegel.de
Arlyn McBratney,320,V,amcbratneyqz@elegantthemes.com
Kelbee Kynge,841,I,kkynger0@nytimes.com
Pryce Sustins,948,C,psustinsr1@wikipedia.org
Derick Kewish,954,Y,dkewishr2@nydailynews.com
Ryley Macourek,648,S,rmacourekr3@discuz.net
Laurella Van den Broek,506,O,lvanr4@howstuffworks.com
Jeni Curro,292,J,jcurror5@devhub.com
Wallace Coopman,477,Z,wcoopmanr6@microsoft.com
Ole Peasee,784,R,opeaseer7@amazonaws.com
Morgan Dufton,719,B,mduftonr8@comcast.net
Leupold Barents,784,P,lbarentsr9@printfriendly.com
Geraldine Rolse,870,W,grolsera@ftc.gov
Shandeigh Rennels,651,F,srennelsrb@cloudflare.com
Theo Syfax,432,M,tsyfaxrc@themeforest.net
Phillipp Armfield,564,N,parmfieldrd@xing.com
Marigold Chattelaine,264,K,mchattelainere@nba.com
Hillary Klaff,463,T,hklaffrf@reuters.com
Saw Glason,556,E,sglasonrg@usda.gov
Coretta Mirando,213,V,cmirandorh@pcworld.com
Westleigh Greener,188,Y,wgreenerri@edublogs.org
Jesselyn Fincke,927,Q,jfinckerj@mit.edu
Cleon Sizland,728,K,csizlandrk@dion.ne.jp
Hermine Haggar,165,C,hhaggarrl@sogou.com
Keelby Redferne,918,S,kredfernerm@ftc.gov
Kathie Rulten,969,E,krultenrn@booking.com
Sallyanne Gurr,177,D,sgurrro@wp.com
Harlen Dimeloe,598,A,hdimeloerp@youtu.be
Glyn Marre,947,O,gmarrerq@flavors.me
Lind Gaitskill,224,M,lgaitskillrr@istockphoto.com
Gabriel Larsen,675,K,consectetuer@aol.org
Fletcher Hayes,884,B,et.magnis.dis@aol.ca
Ashton Pearson,787,O,arcu.imperdiet@google.org
Austin Price,52,S,mauris.vel.turpis@icloud.couk
Lila House,47,O,nec.orci.donec@aol.net
Chantale Stewart,834,D,orci@aol.com
Michael Osborn,773,K,vulputate@outlook.couk
Elmo Ellis,727,P,cursus.luctus@yahoo.edu
Hillary Boone,892,J,molestie@hotmail.couk
Chase Slater,838,Q,integer.vulputate@protonmail.edu
Robin Cole,923,S,euismod.enim@google.org
Hillary Quinn,245,Q,vulputate@hotmail.ca
Todd Mcfarland,493,P,ligula.nullam.feugiat@icloud.com
Melyssa Conway,821,M,aliquam.nec.enim@protonmail.org
Fritz Ruiz,469,S,nibh.vulputate.mauris@hotmail.couk
Nolan Newman,557,Y,porttitor.vulputate.posuere@protonmail.org
Iona Cummings,320,L,eu@yahoo.edu
Ferris Hampton,659,G,ridiculus.mus@yahoo.net
Macon Pennington,381,K,sollicitudin@yahoo.com
Tanya West,687,X,sed.id@outlook.ca
Alexander Estrada,475,G,vitae.aliquam@aol.edu
Branden Franco,699,W,orci.lacus@aol.org
Jolene Cleveland,183,D,fringilla.euismod@protonmail.net
Rae Holmes,737,E,aenean@icloud.org
Alexa Delgado,379,M,cubilia.curae.phasellus@icloud.org
Amity Myers,138,D,proin.vel.arcu@yahoo.org
Kitra Daniels,353,D,ut@google.org
Davis Sweeney,348,Q,erat.vitae@yahoo.edu
Aileen Baird,622,C,in.at@protonmail.com
Whoopi Sanford,723,B,ullamcorper.viverra.maecenas@protonmail.com
Silas Herrera,78,E,sed.eu.eros@yahoo.net
Christian Aguirre,301,U,pellentesque.ut@google.edu
Elijah Diaz,25,X,erat.vivamus@outlook.edu
Martina Cote,108,C,nec.euismod@icloud.couk
Brianna Mcconnell,217,U,lorem.ipsum@google.org
Damian Garrett,140,U,erat.in.consectetuer@yahoo.net
Hakeem Shelton,643,I,dolor.nonummy@outlook.org
Sebastian Clemons,801,H,vulputate.nisi.sem@outlook.net
Ainsley Chandler,950,O,id.mollis@google.net
Asher Townsend,657,R,et.ultrices@hotmail.com
Amir Chandler,877,C,massa.lobortis.ultrices@protonmail.net
Simon Kidd,725,A,sociis.natoque.penatibus@icloud.net
Gage Howard,913,V,enim@aol.net
Deirdre Walter,708,D,fusce@protonmail.net
Marvin Lawson,309,Q,praesent.luctus@yahoo.ca
Hedley Mccray,567,R,a.purus.duis@google.edu
Charissa Johnston,234,M,dictum.phasellus@hotmail.org
Quentin Lambert,340,N,quisque.varius@google.net
Jane Thornton,584,B,accumsan.convallis.ante@protonmail.ca
Chava Sherman,878,L,vivamus.non@aol.couk
Hyacinth Prince,274,A,eu.enim@google.net
Bruce Wilson,209,D,dolor.egestas.rhoncus@yahoo.com
Kirsten Mckinney,367,P,orci.lacus@google.com
Megan Hall,456,U,mattis.velit.justo@google.ca
William Salas,400,W,lacinia.sed@yahoo.ca
Chiquita Castillo,70,G,leo.in.lobortis@aol.com
Justin Sheppard,609,I,per.inceptos@protonmail.org
Colton Francis,257,Y,morbi.quis.urna@icloud.ca
Burke Dennis,963,T,ut.sagittis@icloud.ca
Omar Collins,278,M,malesuada.malesuada.integer@google.edu
Marshall Berger,262,O,et.commodo@outlook.org
Sybill Gamble,124,B,turpis@yahoo.net
April Lane,663,E,sodales.elit@outlook.couk
Iola Weaver,231,K,per.conubia.nostra@google.net
Willow Love,558,P,et.lacinia@google.edu
Haley Irwin,765,K,facilisis.magna@icloud.org
Guy Mercado,368,X,penatibus.et.magnis@outlook.org
Gillian Aguirre,862,C,sed.sem@google.org
Laith Robertson,207,G,molestie.sodales.mauris@yahoo.net
Regina Buckner,443,D,sed.sapien@aol.edu
Quintessa Cannon,692,G,cursus.purus.nullam@hotmail.couk
Barclay Bryan,485,Z,odio.tristique@icloud.net
Kelsey Kelly,296,R,ut.pellentesque@outlook.com
Eagan Head,833,O,sit.amet@protonmail.com
Uriel Chase,944,M,nulla.eget.metus@icloud.couk
Imani Harvey,559,W,semper.cursus@yahoo.net
Hakeem Estes,386,H,a.arcu@yahoo.org
Illiana Ramos,16,D,sit@protonmail.edu
Kibo Gould,170,D,magna.suspendisse@google.com
Zia O'donnell,928,Q,neque@google.com
Leo Hart,866,F,eu@outlook.net
Cora Tate,403,P,metus.in.lorem@google.couk
Isaiah Pennington,338,Q,tellus.justo@google.edu
Len Cleveland,472,C,vivamus.rhoncus@hotmail.couk
Aristotle Fuller,501,F,sed.pede.cum@google.org
Nicole Bowen,905,N,non@google.couk
Dawn Whitaker,60,Y,nam.tempor@google.ca
Sydnee Brown,516,E,tellus.nunc@outlook.net
Todd Sanders,42,H,vulputate.posuere.vulputate@aol.net
Gemma Slater,83,G,adipiscing.ligula@icloud.net
Paloma Howell,274,A,mauris.sit.amet@yahoo.net
Louis Pope,694,F,arcu.iaculis@icloud.couk
Russell Hatfield,946,B,magna.malesuada@aol.com
Kameko Pearson,976,L,consequat.dolor@icloud.com
Stephen Ramos,382,J,enim.mi@yahoo.org
Eaton Hoffman,655,Y,luctus.sit.amet@outlook.ca
Byron Vance,2,I,lacus.pede@hotmail.org
Rigel Grimes,301,X,lorem.ac@yahoo.org
Ralph Brady,351,Y,condimentum.donec@protonmail.edu
Otto Harper,880,V,leo.in.lobortis@icloud.com
Colorado Velazquez,844,L,luctus@aol.org
Tashya Hopper,723,Y,cursus@icloud.com
Zenaida Sandoval,580,V,diam.nunc@outlook.couk
Drake Cummings,905,G,risus.varius@icloud.org
Arsenio Mcguire,402,Q,lobortis.quis@aol.org
Mercedes Harmon,157,E,mauris.erat@google.ca
Cara Bush,378,S,et.eros.proin@yahoo.org
Graiden Haynes,538,E,gravida.sagittis.duis@protonmail.org
Jennifer Stanton,833,N,vehicula@aol.edu
Claire Moody,352,H,ac.mattis.velit@aol.net
Clinton Anderson,261,P,phasellus.in.felis@outlook.net
Cullen Wheeler,131,R,tincidunt.dui.augue@hotmail.org
Louis Garcia,976,W,enim.mi.tempor@google.edu
Ignatius Banks,907,O,semper.erat@protonmail.org
Kyle Bell,36,S,cras@yahoo.net
Micah Morales,782,U,dapibus.ligula@hotmail.com
Bruno Bates,728,V,donec.egestas@hotmail.org
Alma Potts,992,M,mauris.ipsum@protonmail.com
Hayden Berg,746,H,nunc.mauris@yahoo.edu
Marsden Malone,174,V,id.mollis@protonmail.com
Raja Mcmahon,338,S,erat@google.ca
Martha Hays,587,W,aliquam@google.ca
Nathan Odom,87,P,aliquam.auctor.velit@hotmail.com
Ezekiel Hurst,371,O,a.nunc.in@icloud.ca
Kiona Allen,224,Q,porttitor@google.couk
Kevin Moran,138,E,rutrum.magna.cras@outlook.com
Ali James,447,V,hendrerit.neque.in@hotmail.net
Violet Wolfe,533,T,aenean.euismod.mauris@outlook.org
Kaitlin Drake,719,M,posuere.vulputate@yahoo.ca
Rae Clements,525,Y,nulla.tincidunt.neque@aol.com
Benjamin Lester,718,F,interdum@google.ca
Kerry Dean,31,G,egestas@outlook.edu
Halla Langley,894,K,ligula@outlook.org
Christopher Sheppard,386,X,diam@icloud.ca
Lars Stone,878,Z,erat.vel.pede@outlook.edu
Serena Lucas,503,P,malesuada.id@hotmail.net
Gloria Leonard,978,R,lacinia.mattis.integer@icloud.ca
Winter Powers,151,L,magna@icloud.ca
Ainsley Luna,530,B,egestas@protonmail.com
Gretchen Garcia,436,R,enim.nunc@aol.net
Deacon Franklin,840,H,pellentesque.eget@aol.net
Amery Hartman,860,W,arcu@protonmail.org
Kitra Vincent,473,F,nec.tempus@yahoo.edu
Emi Hess,374,X,leo.elementum@yahoo.edu
Daphne Hebert,931,N,pede@icloud.ca
Mark Vasquez,76,D,tortor.dictum@protonmail.couk
Abra Jefferson,934,W,volutpat.nulla@yahoo.org
Bevis Crane,381,W,sem.nulla@outlook.net
Herrod Benton,25,N,suspendisse.non.leo@icloud.net
Virginia Martinez,966,F,ad.litora@outlook.couk
Callum Talley,190,X,magna.sed.dui@aol.net
May Ellison,610,V,interdum.sed@google.org
Wade Schroeder,825,W,a.felis@yahoo.edu
Lael Maxwell,761,T,dolor.dolor@protonmail.ca
Iris Mcbride,802,N,risus.nunc@hotmail.com
Noelani Bentley,347,N,ut.semper@outlook.org
Wesley Bruce,368,K,blandit@protonmail.ca
Cameron Berry,817,O,fermentum@aol.net
Boris Lancaster,249,R,vitae@aol.ca
Ifeoma Williams,155,Q,nunc.quisque@outlook.edu
Stewart Cantrell,523,F,risus.odio@hotmail.com
Mari Acosta,397,X,ut.quam.vel@outlook.org
Zelda Roy,377,D,consectetuer.rhoncus@outlook.com
Tad Davis,980,Q,blandit@icloud.org
Doris Dawson,164,R,elit@yahoo.net
Russell Sherman,794,X,phasellus.at.augue@yahoo.com
Lenore Nunez,686,H,aliquam.eros@protonmail.ca
Allistair Bolton,84,Q,mauris@hotmail.ca
Gavin Russell,446,P,lorem.luctus@outlook.couk
Cameron Wise,904,U,dignissim.tempor@yahoo.couk
Lareina Gay,732,S,neque.tellus@yahoo.net
Oren Morse,200,D,nulla.magna@protonmail.edu
Geoffrey Santos,721,J,erat.eget@outlook.ca
Rhonda Price,455,I,varius@google.org
Debra Ward,130,J,mauris.quis@icloud.net
Charles Patterson,84,K,massa.rutrum@hotmail.net
Thomas Mckinney,649,N,mi@yahoo.com
Karina Parker,179,U,pede.malesuada@icloud.edu
Wilma Spence,789,P,euismod.est@protonmail.couk
Cullen Hart,653,Y,ultrices.sit.amet@aol.edu
Skyler Butler,3,G,nunc@hotmail.org
Kiona Carrillo,188,E,donec@google.couk
Eaton Whitfield,475,Z,donec.at@aol.org
Fritz Reese,533,I,nunc.quis.arcu@outlook.edu
Sybil Mueller,258,H,dis@icloud.net
Sylvester Clarke,398,I,neque.sed@protonmail.org
Idona Slater,720,H,nunc.pulvinar@google.couk
April Gross,862,E,phasellus.vitae@protonmail.edu
Rosalyn Baker,118,U,vel.vulputate@outlook.ca
Nyssa Fox,893,U,aliquet.magna@protonmail.couk
Dai Holman,847,I,auctor.velit@aol.org
Lydia Leonard,711,B,nec.quam.curabitur@google.com
Shea Mccarty,389,J,ante.blandit.viverra@google.couk
Ella Harding,213,D,cursus.non@google.com
Knox Medina,129,O,mauris.sit@protonmail.ca
Clinton Howe,329,L,tincidunt.tempus@hotmail.com
Yoshio Woods,157,P,sagittis.duis.gravida@google.net
Timon Contreras,531,C,ante.ipsum@outlook.com
Caldwell Grant,990,X,ultrices@protonmail.ca
Katelyn Richards,31,O,donec@google.com
Elijah Frank,634,I,enim.commodo@aol.org
Ignatius Beach,885,W,proin.ultrices@outlook.org
Kennedy Rios,620,A,enim.nunc@icloud.couk
Owen Martinez,888,Q,et.arcu.imperdiet@aol.edu
Jonah Christensen,381,B,vel@aol.edu
Ifeoma Bass,566,B,iaculis@protonmail.ca
Acton Avila,510,O,odio.nam@aol.edu
Calvin Burgess,841,C,ultrices.sit.amet@protonmail.net
Pandora Navarro,265,N,sed@protonmail.org
Chancellor Parker,43,U,in.consectetuer.ipsum@protonmail.net
Upton Shaffer,763,M,at.velit@protonmail.org
Jack Mills,274,N,cras.vulputate.velit@protonmail.com
Alexander Huffman,50,R,nunc.sed@protonmail.org
Lillian Thomas,489,P,congue.turpis.in@outlook.edu
Axel Stuart,358,X,nam.interdum@hotmail.com
Mannix Stone,983,I,quam.dignissim.pharetra@icloud.couk
Whoopi Decker,432,V,proin.eget@outlook.couk
Yael Hammond,381,J,hendrerit.donec@outlook.edu
Adrian Cochran,743,U,semper@outlook.net
Dillon Hewitt,428,F,dolor@icloud.com
Amity Fowler,733,M,cursus.purus@protonmail.ca
Mariko Park,649,X,pede.praesent@outlook.org
Ciaran Young,893,R,at.iaculis.quis@aol.net
Cade Farmer,37,T,curabitur.massa.vestibulum@icloud.net
Curran Baldwin,727,P,egestas.sed@protonmail.couk
Serena Goodwin,874,L,dapibus.ligula@hotmail.couk
Bruce Beard,419,N,pellentesque.tellus@aol.edu
Jordan Good,191,Y,ligula.eu@icloud.ca
Hyacinth Massey,126,C,ligula.consectetuer@google.com
Damon Lynch,170,H,consectetuer.cursus.et@hotmail.edu
Christine Vincent,213,A,nunc.commodo.auctor@aol.couk
TaShya Bates,398,H,nonummy.ac.feugiat@yahoo.edu
Finn Branch,556,K,a.dui.cras@protonmail.couk
Coby Pearson,993,I,pretium@protonmail.com
Cruz Melton,693,Y,lorem.ipsum@hotmail.ca
Tamara Wooten,621,E,magnis.dis.parturient@aol.ca
Joseph Logan,702,R,vel.convallis@outlook.ca
Cain Murphy,743,O,malesuada@icloud.couk
Theodore Woods,956,U,nibh@outlook.net
Veronica Allison,140,H,orci@aol.net
Ferris Webb,850,M,est.mauris@yahoo.couk
Valentine Lawrence,239,E,vitae@google.edu
Halla Mcclure,671,A,lorem.eu@icloud.net
Carolyn Warner,244,Q,ac@protonmail.edu
Larissa Clark,383,O,ipsum.dolor.sit@outlook.ca
Armando Mullen,475,H,mauris.sit@yahoo.org
Rashad Mcdonald,903,I,auctor@yahoo.couk
Sybill Moore,675,T,purus.maecenas.libero@hotmail.org
Sybill Barnes,720,B,eros@icloud.edu
Francis Short,167,O,penatibus@outlook.com
Clinton Massey,858,J,gravida.nunc@outlook.net
Erica Blackburn,70,D,magna@icloud.ca
Gay Hensley,546,H,diam@protonmail.edu
Macey Evans,187,T,justo@hotmail.net
Forrest Mclean,512,C,fermentum.metus.aenean@icloud.edu
Henry Joyner,370,P,dictum.mi.ac@outlook.com
Rashad Quinn,224,S,bibendum.fermentum@google.org
Malcolm Giles,462,D,penatibus.et@yahoo.net
Zahir Bray,259,K,mauris.aliquam@protonmail.edu
Garrison Rodriquez,380,O,parturient.montes.nascetur@yahoo.couk
Carson Mcknight,926,N,cursus.integer@hotmail.com
Imani Ramirez,89,B,magnis.dis.parturient@aol.org
Wendy Calhoun,123,B,phasellus.nulla@google.net
Oren Michael,280,T,sed.dolor.fusce@aol.net
Shelby Gibbs,123,V,eget.metus@protonmail.org
Dale Bond,901,E,sociosqu.ad@hotmail.org
Jonas Maldonado,691,N,nulla@outlook.couk
Ava Gates,17,S,at.pretium@hotmail.com
Leonard Whitehead,649,L,tellus.lorem@icloud.couk
Imani Parks,671,N,nisl.nulla.eu@yahoo.couk
Lee Christensen,241,Q,ultrices.duis@aol.ca
Eagan Haynes,700,C,quisque.fringilla@yahoo.couk
Hoyt Sawyer,15,R,a.aliquet@protonmail.org
Wynter Farrell,787,M,purus.mauris@outlook.ca
Raja Schneider,467,W,ullamcorper.duis@aol.ca
Connor Woodard,904,J,enim.sed.nulla@aol.net
Sydney Harmon,28,V,et.nunc.quisque@aol.org
Hermione Rasmussen,783,W,montes.nascetur.ridiculus@protonmail.org
Kirby Ayala,336,H,ante@protonmail.com
Morgan Fowler,99,V,curabitur.dictum.phasellus@aol.org
Adele Whitley,965,X,luctus@aol.net
Edward Contreras,545,D,ac.mattis@outlook.ca
Kaitlin Weeks,810,A,sed.leo.cras@yahoo.couk
Bryar Carver,664,G,feugiat.nec@hotmail.edu
Astra Vasquez,699,K,taciti@outlook.net
Kylee Shepherd,769,F,duis.a@hotmail.com
Elmo Nielsen,302,V,iaculis.nec@yahoo.couk
Odessa Warner,76,O,faucibus.id@google.couk
Maggy Buchanan,981,T,tincidunt@protonmail.ca
Dalton Forbes,322,J,tellus.nunc@hotmail.couk
Joseph Harrison,295,Q,consectetuer@outlook.edu
Stewart Fowler,605,J,nulla.dignissim.maecenas@outlook.couk
Alexander Alvarez,156,S,dictum@yahoo.net
Chiquita Stout,95,J,ac.facilisis@hotmail.net
Emmanuel Trevino,748,H,luctus.curabitur.egestas@outlook.net
Venus Horn,133,D,orci@icloud.edu
Caryn Willis,336,O,nunc.est.mollis@aol.ca
Caryn Bryant,337,J,magna.lorem@icloud.net
Megan Joyner,625,D,luctus@yahoo.com
Willa House,122,F,natoque.penatibus@yahoo.org
Madeline Tanner,491,Z,nulla.facilisis@protonmail.org
Martena Mercado,904,U,pellentesque.ut@protonmail.net
Nash Conner,847,V,vehicula.et@icloud.org
Sasha Fischer,144,S,pellentesque.tincidunt@aol.com
Hadley Briggs,648,C,phasellus.libero@protonmail.net
Demetrius Benson,847,Y,nunc@google.couk
Germane Rosa,691,O,posuere@icloud.couk
Candace Ballard,212,X,velit.in@outlook.couk
Kato Manning,704,I,et.nunc@yahoo.com
Hu Clay,79,L,tristique.pellentesque.tellus@google.com
Ryder Clay,641,M,fusce.diam@protonmail.couk
Melvin Ware,893,S,turpis@hotmail.com
Illiana Moss,816,L,scelerisque.scelerisque@aol.ca
Fulton Cannon,885,P,a.malesuada.id@outlook.org
Georgia Sargent,853,W,purus@aol.couk
Teagan Key,740,L,facilisi.sed@aol.couk
Elliott Potter,103,P,praesent.eu@protonmail.com
Bertha Solomon,594,W,sed.auctor@aol.org
Penelope Fry,199,Q,dapibus.gravida.aliquam@icloud.net
Alec Joyner,76,V,tempor.arcu.vestibulum@yahoo.couk
Lee Riggs,10,G,purus@icloud.edu
Abraham Gilmore,724,F,nisl.elementum.purus@aol.edu
Sybil Henry,550,A,egestas.hendrerit@icloud.org
Lacey Anderson,348,Y,odio@outlook.ca
Burke Gross,33,H,vestibulum.massa.rutrum@yahoo.org
Hope Johnson,50,P,nulla@outlook.org
Chanda Hinton,122,M,felis.donec@yahoo.edu
Freya Hawkins,738,I,ac.tellus@outlook.couk
Lacy Wynn,420,R,aliquam.erat.volutpat@hotmail.edu
Jermaine Middleton,650,C,sed.hendrerit@aol.edu
Shea Wise,329,D,ipsum.primis@yahoo.edu
Hunter Shelton,640,O,dui@google.org
Beau Mcdowell,498,Q,est.mauris.rhoncus@icloud.org
Hilary Perez,518,K,sed.turpis@hotmail.com
Lucas Valencia,63,V,nascetur@aol.net
Garrett Stanton,714,G,nam.tempor.diam@aol.couk
Dawn Robbins,112,S,eget@icloud.net
Hasad Rowe,655,C,amet@protonmail.org
Nero Kramer,964,D,nonummy.ipsum.non@outlook.org
Hakeem Holland,410,Q,tellus.faucibus@protonmail.net
Hedwig Wilkinson,32,D,duis.cursus@google.edu
Faith Camacho,590,G,sem.nulla.interdum@icloud.com
Wade Fleming,684,U,ornare.sagittis.felis@google.edu
Asher Whitley,865,M,ullamcorper.viverra.maecenas@hotmail.net
Kieran Beck,629,L,hendrerit.donec.porttitor@yahoo.org
Herrod Hoover,146,J,ornare.tortor@hotmail.edu
Blaze Blair,140,H,dui@icloud.org
Michael Morse,503,W,nunc.ullamcorper@outlook.ca
Hayes Jordan,889,U,tempor.augue.ac@yahoo.org
Audrey Frazier,345,G,velit.cras@aol.net
Connor Simon,536,Y,ornare.sagittis.felis@icloud.net
Leila Bennett,175,T,nunc.sit@aol.couk
Lillith Ross,967,Y,enim.mauris.quis@aol.ca
Otto Harding,43,H,lectus@google.com
Aimee Holman,546,N,ipsum@google.com
Conan Larson,920,M,nunc.sollicitudin.commodo@hotmail.org
Wayne Harper,385,F,ipsum.dolor@yahoo.com
Sean Blake,264,K,sed.diam@yahoo.couk
Yolanda Washington,373,O,vivamus@google.net
Leonard Watkins,532,Q,egestas.a@outlook.ca
Summer Campbell,758,C,ultricies@yahoo.ca
Autumn Klein,476,X,molestie.tortor.nibh@yahoo.couk
Cooper Ewing,566,J,vivamus@icloud.org
Berk Gibbs,765,K,ante.lectus.convallis@outlook.net
Lee Leach,621,U,tellus.non@icloud.couk
Hedda Stevens,890,U,feugiat@hotmail.com
Wyoming Walker,238,J,eu.augue@protonmail.org
Caesar Estes,29,M,turpis.egestas@hotmail.couk
Shelley Ochoa,109,L,et@aol.com
Yeo Hayes,606,J,metus@hotmail.couk
Hop Hood,510,F,netus@hotmail.net
Regina Collier,303,X,ullamcorper@protonmail.org
Callie Rosa,118,H,auctor.non.feugiat@protonmail.org
Ray Campos,157,W,eget@hotmail.net
Kibo Walters,68,W,ante.ipsum.primis@icloud.couk
Jacob Holcomb,552,C,ut@google.edu
Maggie Chen,742,V,convallis.est@protonmail.com
Oscar Palmer,788,T,fames@aol.com
Galvin Castaneda,710,T,nostra.per@icloud.com
Owen Velez,762,P,diam@yahoo.ca
Henry Kirkland,274,K,eget.volutpat@aol.com
Micah Jacobson,688,V,nisi.magna.sed@protonmail.ca
Jillian Parker,32,G,amet.nulla@yahoo.net
Jorden Wooten,650,V,malesuada.fames.ac@outlook.edu
Diana Farrell,559,M,purus.accumsan@yahoo.com
Dexter Valencia,921,T,magnis@google.net
Wynne Graham,446,U,dolor.quam@google.net
Ralph Hoffman,547,I,aliquet@aol.org
Randall Vega,725,R,duis@aol.org
Kitra Lambert,754,Y,nec.enim@hotmail.edu
Jackson Walsh,818,V,rhoncus.nullam@icloud.org
Giselle Burt,270,L,lacinia@hotmail.ca
Eric White,865,J,pede.malesuada@hotmail.org
Demetrius Whitney,262,Z,dolor.tempus@google.ca
Charlotte Howard,876,C,mauris.morbi@yahoo.edu
Shannon Wall,346,O,consectetuer@hotmail.org
Talon Munoz,978,J,nisi.mauris@outlook.com
Macy Holmes,144,E,aliquet@yahoo.com
Uta Chase,944,K,mauris.integer.sem@hotmail.ca
Adrienne Ray,227,Y,donec.tempor.est@icloud.couk
Alexandra Rowe,325,D,non@hotmail.net
Shaeleigh Lloyd,402,G,eget@yahoo.org
Dale Juarez,438,R,cursus@hotmail.org
Dahlia Reid,303,O,lorem.semper.auctor@icloud.edu
Knox Spears,749,J,lobortis@google.couk
Chelsea Logan,24,O,vel.arcu@outlook.ca
Christen Hammond,968,B,dictum@outlook.edu
Libby Roach,709,O,orci.ut@aol.org
Kasimir Ray,407,G,non.luctus@protonmail.edu
Keiko Powers,204,N,in.hendrerit@outlook.ca
Piper Kline,362,A,ad.litora.torquent@aol.net
Cairo Albert,560,Y,eu@protonmail.net
Libby Andrews,707,T,natoque@hotmail.org
Jacqueline Holt,682,F,scelerisque.neque@google.ca
Wade Mcclain,42,P,sodales.at.velit@google.ca
Scarlett Mccarty,843,U,ut.cursus.luctus@protonmail.org
Knox Martin,211,X,ipsum.primis.in@google.org
Tanisha Sullivan,10,X,magna.suspendisse@google.com
Paul Mayer,174,O,sed.dolor.fusce@aol.ca
Jolie Craig,921,D,montes@aol.couk
Zelenia Preston,442,H,justo@protonmail.net
Alisa Blair,890,F,vulputate.dui@google.edu
Carlos Gardner,545,W,aliquam.ultrices.iaculis@protonmail.edu
Jordan Yang,338,S,a@hotmail.couk
Rhiannon Tillman,680,T,sed.eget.lacus@aol.net
Rana Mcneil,413,E,lacinia.at@aol.org
Joel Newman,291,S,nec.ligula@hotmail.ca
Wanda Johnston,197,U,integer.mollis.integer@outlook.org
Dieter Todd,980,V,elit.pharetra@yahoo.couk
Maxwell Mathis,121,X,nam.interdum@icloud.org
Chaney Quinn,304,E,risus.varius.orci@outlook.couk
Laith Holloway,904,E,orci.luctus@protonmail.edu
Hedda Day,372,H,cursus.luctus@icloud.ca
Hilda Taylor,251,D,orci.donec.nibh@protonmail.com
Murphy Small,638,J,consectetuer.rhoncus@outlook.couk
Cole Dennis,750,Y,gravida@hotmail.ca
Ciaran Saunders,788,X,volutpat.ornare@outlook.com
Breanna Valencia,934,F,tellus@hotmail.ca
Amity Osborne,686,M,tincidunt.donec@outlook.org
Donna Huff,247,R,natoque.penatibus.et@yahoo.com
Rylee Wagner,10,N,quis.lectus.nullam@hotmail.couk
Drew Farley,720,Q,feugiat.lorem@yahoo.edu
Adria Garrison,54,D,pretium.aliquet@aol.com
Travis Middleton,672,V,nisi.aenean.eget@google.ca
Luke Stafford,665,V,duis.at@aol.com
Kyle Neal,505,N,sed.diam@yahoo.com
Rajah Gilliam,874,J,odio.auctor@hotmail.net
Kelly Delgado,830,E,eget.magna@protonmail.couk
Victoria Hurst,756,I,penatibus@yahoo.org
Kieran Kaufman,167,O,eget.mollis@aol.couk
Norman Dodson,236,O,tortor.dictum@protonmail.net
Kato Hodge,22,V,vulputate@outlook.net
Joy Sullivan,803,Q,convallis.dolor.quisque@hotmail.com
Cathleen Dixon,178,G,cras.interdum@google.com
Portia Brady,442,D,enim.gravida.sit@aol.com
Giacomo Schmidt,159,B,vel.turpis@protonmail.org
Dale Webb,617,F,ultrices@icloud.net
Aurelia Buckner,792,D,sed.malesuada@protonmail.ca
Harding Farmer,803,G,est@icloud.ca
Sharon Wolfe,906,K,ac.nulla.in@yahoo.couk
Kiayada York,226,I,nascetur.ridiculus@yahoo.net
Priscilla Mayer,805,I,egestas.nunc.sed@icloud.ca
Lydia Blair,552,Q,sed.hendrerit@yahoo.org
Connor Chan,260,C,odio.aliquam@protonmail.com
Kieran Gentry,456,S,molestie.sed@protonmail.ca
Hamish Castillo,348,C,egestas.nunc@yahoo.ca
Hannah Copeland,724,L,vitae@icloud.org
Fritz Moses,323,F,sapien@yahoo.org
Steel Howe,919,T,eu.turpis@yahoo.net
Lillian Parks,307,B,eros.non@aol.edu
Mason Phelps,190,K,facilisis.vitae@aol.edu
Amaya Wilder,912,M,ac.orci@protonmail.net
Steven Hester,213,L,lacus.aliquam@outlook.net
Blaze Sampson,421,V,eget.volutpat@protonmail.org
Rhona Barron,162,P,mollis.dui@aol.net
Stacey Fernandez,700,L,interdum.libero@yahoo.edu
Ronan Norman,607,B,dolor@aol.couk
Vernon Horton,3,H,velit@outlook.edu
Leroy Schultz,477,W,bibendum.donec@hotmail.ca
Gay Griffith,118,K,id.blandit.at@yahoo.ca
Kimberley Boyer,576,T,nulla.integer.vulputate@hotmail.ca
Louis Horne,185,K,suspendisse.tristique.neque@outlook.org
Nayda Terry,601,B,pede@icloud.com
Dennis Faulkner,530,J,mi.felis.adipiscing@outlook.org
Nichole Barr,555,N,donec.elementum.lorem@yahoo.net
Rhoda Weeks,171,F,morbi.metus@google.edu
Deacon Griffin,207,F,ac.risus@outlook.couk
Aquila Bruce,910,Y,dolor.sit.amet@hotmail.net
Nadine Sweeney,972,K,erat.semper@protonmail.ca
Emerald Moses,161,S,eros.nec@outlook.org
Emmanuel Snow,285,B,nulla.tincidunt.neque@outlook.org
Beverly Morales,265,N,nullam.enim@outlook.edu
Roanna Stanley,374,L,metus.eu.erat@icloud.com
Gil Landry,419,E,luctus.et@icloud.net
Tatyana Hoover,137,K,nec.ante@yahoo.org
Tashya Holloway,600,J,donec.sollicitudin@protonmail.net
Brielle Hahn,905,G,ornare.fusce@yahoo.ca
Chancellor Daniel,60,X,integer@outlook.ca
Nadine Lynch,624,W,id.blandit.at@outlook.couk
Tamara Watts,548,J,vel.arcu@hotmail.ca