Lanni Dilliston,4,E,ldilliston0@aol.com
Gabrila Cucinotta,88,E,gcucinotta1@nationalgeographic.com
Mignonne Philpot,84,E,mphilpot2@usnews.com
Fiann Geggus,79,U,fgeggus3@google.es
Jonie Entreis,84,X,jentreis4@shutterfly.com
Tabitha Feldbrin,86,O,tfeldbrin5@1688.com
Dahlia Mealiffe,95,W,dmealiffe6@so-net.ne.jp
Thayne Morley,92,H,tmorley7@marketwatch.com
Byrann Denzilow,78,C,bdenzilow8@merriam-webster.com
Ophelia Grzelczak,33,P,ogrzelczak9@cpanel.net
Auroora McHale,83,W,amchalea@cocolog-nifty.com
Modestia Skipp,76,O,mskippb@rambler.ru
Calida Boole,49,A,cboolec@buzzfeed.com
Patrick Chapelhow,9,E,pchapelhowd@bravesites.com
Ingemar Harry,60,D,iharrye@hexun.com
Zorine Pyford,63,B,zpyfordf@europa.eu
Bianca Siveter,37,R,bsiveterg@macromedia.com
Gusti Connell,55,B,gconnellh@cnbc.com
Audra Wickins,100,N,awickinsi@g.co
Wilek Jorck,14,Q,wjorckj@slashdot.org
Gregorius Ginn,45,N,gginnk@ocn.ne.jp
Tybalt Sebastian,57,D,tsebastianl@example.com
Land Salandino,83,Q,lsalandinom@jimdo.com
Jacenta Doppler,98,F,jdopplern@squarespace.com
Denyse Hatherell,11,L,dhatherello@nifty.com
Nonah Wickmann,20,X,nwickmannp@wikispaces.com
Ximenez Rosgen,67,H,xrosgenq@ustream.tv
Lexy Chalk,55,Z,lchalkr@mozilla.org
Gillan Conman,57,Z,gconmans@addthis.com
Clarita Vampouille,91,D,cvampouillet@360.cn
Salomo Davion,56,G,sdavionu@mayoclinic.com
Spenser Rubinow,30,Z,srubinowv@europa.eu
Stevie Geockle,17,R,sgeocklew@google.com.br
Doy Crompton,83,T,dcromptonx@qq.com
Katlin Siely,22,N,ksielyy@cyberchimps.com
Marjory Branson,58,E,mbransonz@usda.gov
Jamey Kernaghan,81,Q,jkernaghan10@zdnet.com
Dionisio Aldwich,77,N,daldwich11@istockphoto.com
Aeriela Armytage,100,J,aarmytage12@nhs.uk
Dermot Gallego,80,I,dgallego13@netlog.com
Freeman Watmore,37,C,fwatmore14@imdb.com
Kristel Kennler,48,C,kkennler15@loc.gov
Baxter Vella,70,A,bvella16@google.pl
Francklin Foucar,13,R,ffoucar17@google.pl
Jedediah Pietzner,6,X,jpietzner18@oakley.com
Evangelin Sweetman,21,S,esweetman19@blinklist.com
Leyla Bridal,72,F,lbridal1a@mysql.com
Tabbie Kliement,18,Q,tkliement1b@reference.com
Georas Benini,91,T,gbenini1c@domainmarket.com
Adan Lindenbaum,80,P,alindenbaum1d@symantec.com
Zollie Sinden,21,Y,zsinden1e@yolasite.com
Burr Dulanty,30,R,bdulanty1f@cdc.gov
Franchot McBay,18,V,fmcbay1g@omniture.com
Minetta Farrant,60,J,mfarrant1h@skyrock.com
Jordanna Tokell,92,Q,jtokell1i@vistaprint.com
Joey Mephan,96,U,jmephan1j@hugedomains.com
Mia Longwood,50,J,mlongwood1k@amazon.co.uk
Rorie Stothard,38,V,rstothard1l@slate.com
Nessy Yakunchikov,40,M,nyakunchikov1m@furl.net
Zoe Djuricic,32,H,zdjuricic1n@rakuten.co.jp
Donnie Wortley,30,Q,dwortley1o@ycombinator.com
Violette Kettleson,6,J,vkettleson1p@chronoengine.com
Laurene Gaskin,42,L,lgaskin1q@is.gd
Gian Fairweather,13,Z,gfairweather1r@archive.org
Brnaba Bonnette,64,D,bbonnette1s@huffingtonpost.com
Prentice Drew-Clifton,16,I,pdrewclifton1t@ifeng.com
Adi Crolla,6,Y,acrolla1u@addtoany.com
Phillip Daintrey,52,E,pdaintrey1v@posterous.com
Julianna Blaiklock,97,X,jblaiklock1w@craigslist.org
Renaldo Jallin,28,X,rjallin1x@nytimes.com
Rich Duxbarry,41,U,rduxbarry1y@mac.com
Godart Stelli,11,K,gstelli1z@statcounter.com
Rebecca Daubney,54,S,rdaubney20@columbia.edu
Andrus Vanyashin,32,U,avanyashin21@privacy.gov.au
Kassie Tricker,90,N,ktricker22@artisteer.com
Valene Mousdall,44,C,vmousdall23@bloglovin.com
Tabbie Chilvers,46,V,tchilvers24@t.co
Ingelbert Grahamslaw,68,O,igrahamslaw25@nba.com
Dickie Tearny,75,K,dtearny26@blinklist.com
Carolann Benion,9,U,cbenion27@scribd.com
Donall Binnes,41,Y,dbinnes28@myspace.com
Rica Archbald,72,C,rarchbald29@oracle.com
Devland O'Halligan,58,X,dohalligan2a@angelfire.com
Cami Irons,51,W,cirons2b@istockphoto.com
Danielle Leghorn,51,Y,dleghorn2c@oakley.com
Constantin Garett,33,K,cgarett2d@blinklist.com
Redford Regitz,79,H,rregitz2e@blinklist.com
Bird Bartosik,87,Y,bbartosik2f@woothemes.com
Chrissie Gozzard,25,T,cgozzard2g@4shared.com
Cale Kiossel,99,Q,ckiossel2h@blogs.com
Vicky Dahler,19,C,vdahler2i@amazonaws.com
Ebenezer Thormann,59,O,ethormann2j@flickr.com
Merwyn Aikenhead,2,Q,maikenhead2k@fema.gov
Currey Penbarthy,5,B,cpenbarthy2l@studiopress.com
Amelina McAvin,83,X,amcavin2m@bigcartel.com
Cornelle Toke,40,P,ctoke2n@arizona.edu
Cherye Mole,38,S,cmole2o@census.gov
Alaric Palfreman,61,F,apalfreman2p@jimdo.com
Idelle Eagar,58,O,ieagar2q@stumbleupon.com
Terrijo Goulding,85,N,tgoulding2r@flickr.com
